{"level":"\u001b[32minfo\u001b[39m","message":"\u001b[32m✅ Auth Service routes mounted on /auth\u001b[39m","timestamp":"2025-07-05 13:37:47:3747"}
{"level":"\u001b[32minfo\u001b[39m","message":"\u001b[32m✅ Combined NewCondo Backend initialized successfully\u001b[39m","timestamp":"2025-07-05 13:37:47:3747"}
{"level":"\u001b[32minfo\u001b[39m","message":"\u001b[32m🚀 Combined NewCondo Backend running on port 3001\u001b[39m","timestamp":"2025-07-05 13:37:48:3748"}
{"level":"\u001b[32minfo\u001b[39m","message":"\u001b[32m📡 Health check available at: http://localhost:3001/health\u001b[39m","timestamp":"2025-07-05 13:37:48:3748"}
{"level":"\u001b[32minfo\u001b[39m","message":"\u001b[32m🔗 API Documentation: http://localhost:3001/api/docs\u001b[39m","timestamp":"2025-07-05 13:37:48:3748"}
{"level":"\u001b[32minfo\u001b[39m","message":"\u001b[32m🌍 Environment: development\u001b[39m","timestamp":"2025-07-05 13:37:48:3748"}
{"level":"\u001b[32minfo\u001b[39m","message":"\u001b[32mReceived SIGINT. Starting graceful shutdown...\u001b[39m","timestamp":"2025-07-05 13:38:36:3836"}
{"level":"\u001b[32minfo\u001b[39m","message":"\u001b[32m✅ Auth Service routes mounted on /auth\u001b[39m","timestamp":"2025-07-05 23:03:41:341"}
{"level":"\u001b[32minfo\u001b[39m","message":"\u001b[32m✅ Combined NewCondo Backend initialized successfully\u001b[39m","timestamp":"2025-07-05 23:03:41:341"}
{"level":"\u001b[32minfo\u001b[39m","message":"\u001b[32m🚀 Combined NewCondo Backend running on port 3001\u001b[39m","timestamp":"2025-07-05 23:03:42:342"}
{"level":"\u001b[32minfo\u001b[39m","message":"\u001b[32m📡 Health check available at: http://localhost:3001/health\u001b[39m","timestamp":"2025-07-05 23:03:42:342"}
{"level":"\u001b[32minfo\u001b[39m","message":"\u001b[32m🔗 API Documentation: http://localhost:3001/api/docs\u001b[39m","timestamp":"2025-07-05 23:03:42:342"}
{"level":"\u001b[32minfo\u001b[39m","message":"\u001b[32m🌍 Environment: development\u001b[39m","timestamp":"2025-07-05 23:03:42:342"}
{"level":"\u001b[32minfo\u001b[39m","message":"\u001b[32mReceived SIGINT. Starting graceful shutdown...\u001b[39m","timestamp":"2025-07-05 23:04:01:41"}
{"level":"\u001b[32minfo\u001b[39m","message":"\u001b[32m✅ Auth Service routes mounted on /auth\u001b[39m","timestamp":"2025-07-05 23:05:19:519"}
{"level":"\u001b[32minfo\u001b[39m","message":"\u001b[32m✅ Combined NewCondo Backend initialized successfully\u001b[39m","timestamp":"2025-07-05 23:05:20:520"}
{"level":"\u001b[32minfo\u001b[39m","message":"\u001b[32m🚀 Combined NewCondo Backend running on port 3001\u001b[39m","timestamp":"2025-07-05 23:05:20:520"}
{"level":"\u001b[32minfo\u001b[39m","message":"\u001b[32m📡 Health check available at: http://localhost:3001/health\u001b[39m","timestamp":"2025-07-05 23:05:20:520"}
{"level":"\u001b[32minfo\u001b[39m","message":"\u001b[32m🔗 API Documentation: http://localhost:3001/api/docs\u001b[39m","timestamp":"2025-07-05 23:05:20:520"}
{"level":"\u001b[32minfo\u001b[39m","message":"\u001b[32m🌍 Environment: development\u001b[39m","timestamp":"2025-07-05 23:05:20:520"}
{"level":"\u001b[32minfo\u001b[39m","message":"\u001b[32mReceived SIGINT. Starting graceful shutdown...\u001b[39m","timestamp":"2025-07-05 23:05:22:522"}
{"level":"\u001b[32minfo\u001b[39m","message":"\u001b[32m✅ Auth Service routes mounted on /auth\u001b[39m","timestamp":"2025-07-06 13:42:57:4257"}
{"level":"\u001b[32minfo\u001b[39m","message":"\u001b[32m✅ Combined NewCondo Backend initialized successfully\u001b[39m","timestamp":"2025-07-06 13:42:57:4257"}
{"level":"\u001b[32minfo\u001b[39m","message":"\u001b[32m🚀 Combined NewCondo Backend running on port 3001\u001b[39m","timestamp":"2025-07-06 13:43:00:430"}
{"level":"\u001b[32minfo\u001b[39m","message":"\u001b[32m📡 Health check available at: http://localhost:3001/health\u001b[39m","timestamp":"2025-07-06 13:43:00:430"}
{"level":"\u001b[32minfo\u001b[39m","message":"\u001b[32m🔗 API Documentation: http://localhost:3001/api/docs\u001b[39m","timestamp":"2025-07-06 13:43:00:430"}
{"level":"\u001b[32minfo\u001b[39m","message":"\u001b[32m🌍 Environment: development\u001b[39m","timestamp":"2025-07-06 13:43:00:430"}
{"level":"\u001b[32minfo\u001b[39m","message":"\u001b[32m✅ Auth Service routes mounted on /auth\u001b[39m","timestamp":"2025-07-06 20:23:45:2345"}
{"level":"\u001b[32minfo\u001b[39m","message":"\u001b[32m✅ Combined NewCondo Backend initialized successfully\u001b[39m","timestamp":"2025-07-06 20:23:45:2345"}
{"level":"\u001b[32minfo\u001b[39m","message":"\u001b[32m🚀 Combined NewCondo Backend running on port 3001\u001b[39m","timestamp":"2025-07-06 20:23:46:2346"}
{"level":"\u001b[32minfo\u001b[39m","message":"\u001b[32m📡 Health check available at: http://localhost:3001/health\u001b[39m","timestamp":"2025-07-06 20:23:46:2346"}
{"level":"\u001b[32minfo\u001b[39m","message":"\u001b[32m🔗 API Documentation: http://localhost:3001/api/docs\u001b[39m","timestamp":"2025-07-06 20:23:46:2346"}
{"level":"\u001b[32minfo\u001b[39m","message":"\u001b[32m🌍 Environment: development\u001b[39m","timestamp":"2025-07-06 20:23:46:2346"}
{"level":"\u001b[32minfo\u001b[39m","message":"\u001b[32mReceived SIGINT. Starting graceful shutdown...\u001b[39m","timestamp":"2025-07-06 20:42:58:4258"}
{"level":"\u001b[32minfo\u001b[39m","message":"\u001b[32m✅ Auth Service routes mounted on /auth\u001b[39m","timestamp":"2025-07-06 20:43:21:4321"}
{"level":"\u001b[32minfo\u001b[39m","message":"\u001b[32m✅ Combined NewCondo Backend initialized successfully\u001b[39m","timestamp":"2025-07-06 20:43:21:4321"}
{"level":"\u001b[32minfo\u001b[39m","message":"\u001b[32m🚀 Combined NewCondo Backend running on port 3001\u001b[39m","timestamp":"2025-07-06 20:43:21:4321"}
{"level":"\u001b[32minfo\u001b[39m","message":"\u001b[32m📡 Health check available at: http://localhost:3001/health\u001b[39m","timestamp":"2025-07-06 20:43:21:4321"}
{"level":"\u001b[32minfo\u001b[39m","message":"\u001b[32m🔗 API Documentation: http://localhost:3001/api/docs\u001b[39m","timestamp":"2025-07-06 20:43:21:4321"}
{"level":"\u001b[32minfo\u001b[39m","message":"\u001b[32m🌍 Environment: development\u001b[39m","timestamp":"2025-07-06 20:43:21:4321"}
{"level":"\u001b[32minfo\u001b[39m","message":"\u001b[32mReceived SIGINT. Starting graceful shutdown...\u001b[39m","timestamp":"2025-07-06 20:50:42:5042"}
{"level":"\u001b[32minfo\u001b[39m","message":"\u001b[32m✅ Auth Service routes mounted on /auth\u001b[39m","timestamp":"2025-07-06 20:57:15:5715"}
{"level":"\u001b[32minfo\u001b[39m","message":"\u001b[32m✅ Combined NewCondo Backend initialized successfully\u001b[39m","timestamp":"2025-07-06 20:57:15:5715"}
{"level":"\u001b[32minfo\u001b[39m","message":"\u001b[32m🚀 Combined NewCondo Backend running on port 3001\u001b[39m","timestamp":"2025-07-06 20:57:15:5715"}
{"level":"\u001b[32minfo\u001b[39m","message":"\u001b[32m📡 Health check available at: http://localhost:3001/health\u001b[39m","timestamp":"2025-07-06 20:57:15:5715"}
{"level":"\u001b[32minfo\u001b[39m","message":"\u001b[32m🔗 API Documentation: http://localhost:3001/api/docs\u001b[39m","timestamp":"2025-07-06 20:57:15:5715"}
{"level":"\u001b[32minfo\u001b[39m","message":"\u001b[32m🌍 Environment: development\u001b[39m","timestamp":"2025-07-06 20:57:15:5715"}
{"level":"\u001b[32minfo\u001b[39m","message":"\u001b[32mReceived SIGINT. Starting graceful shutdown...\u001b[39m","timestamp":"2025-07-06 20:59:58:5958"}
{"level":"\u001b[32minfo\u001b[39m","message":"\u001b[32m✅ Auth Service routes mounted on /auth\u001b[39m","timestamp":"2025-07-06 21:00:16:016"}
{"level":"\u001b[32minfo\u001b[39m","message":"\u001b[32m✅ Combined NewCondo Backend initialized successfully\u001b[39m","timestamp":"2025-07-06 21:00:16:016"}
{"level":"\u001b[32minfo\u001b[39m","message":"\u001b[32m🚀 Combined NewCondo Backend running on port 3001\u001b[39m","timestamp":"2025-07-06 21:00:16:016"}
{"level":"\u001b[32minfo\u001b[39m","message":"\u001b[32m📡 Health check available at: http://localhost:3001/health\u001b[39m","timestamp":"2025-07-06 21:00:16:016"}
{"level":"\u001b[32minfo\u001b[39m","message":"\u001b[32m🔗 API Documentation: http://localhost:3001/api/docs\u001b[39m","timestamp":"2025-07-06 21:00:16:016"}
{"level":"\u001b[32minfo\u001b[39m","message":"\u001b[32m🌍 Environment: development\u001b[39m","timestamp":"2025-07-06 21:00:16:016"}
{"level":"\u001b[32minfo\u001b[39m","message":"\u001b[32mReceived SIGINT. Starting graceful shutdown...\u001b[39m","timestamp":"2025-07-06 21:01:31:131"}
{"level":"\u001b[32minfo\u001b[39m","message":"\u001b[32m✅ Auth Service routes mounted on /auth\u001b[39m","timestamp":"2025-07-06 21:01:59:159"}
{"level":"\u001b[32minfo\u001b[39m","message":"\u001b[32m✅ Combined NewCondo Backend initialized successfully\u001b[39m","timestamp":"2025-07-06 21:01:59:159"}
{"level":"\u001b[32minfo\u001b[39m","message":"\u001b[32m🚀 Combined NewCondo Backend running on port 3001\u001b[39m","timestamp":"2025-07-06 21:01:59:159"}
{"level":"\u001b[32minfo\u001b[39m","message":"\u001b[32m📡 Health check available at: http://localhost:3001/health\u001b[39m","timestamp":"2025-07-06 21:01:59:159"}
{"level":"\u001b[32minfo\u001b[39m","message":"\u001b[32m🔗 API Documentation: http://localhost:3001/api/docs\u001b[39m","timestamp":"2025-07-06 21:01:59:159"}
{"level":"\u001b[32minfo\u001b[39m","message":"\u001b[32m🌍 Environment: development\u001b[39m","timestamp":"2025-07-06 21:01:59:159"}
{"level":"\u001b[32minfo\u001b[39m","message":"\u001b[32mReceived SIGINT. Starting graceful shutdown...\u001b[39m","timestamp":"2025-07-06 21:05:29:529"}
{"level":"\u001b[32minfo\u001b[39m","message":"\u001b[32m✅ Auth Service routes mounted on /auth\u001b[39m","timestamp":"2025-07-06 21:05:41:541"}
{"level":"\u001b[32minfo\u001b[39m","message":"\u001b[32m✅ Combined NewCondo Backend initialized successfully\u001b[39m","timestamp":"2025-07-06 21:05:41:541"}
{"level":"\u001b[32minfo\u001b[39m","message":"\u001b[32m🚀 Combined NewCondo Backend running on port 3001\u001b[39m","timestamp":"2025-07-06 21:05:41:541"}
{"level":"\u001b[32minfo\u001b[39m","message":"\u001b[32m📡 Health check available at: http://localhost:3001/health\u001b[39m","timestamp":"2025-07-06 21:05:41:541"}
{"level":"\u001b[32minfo\u001b[39m","message":"\u001b[32m🔗 API Documentation: http://localhost:3001/api/docs\u001b[39m","timestamp":"2025-07-06 21:05:41:541"}
{"level":"\u001b[32minfo\u001b[39m","message":"\u001b[32m🌍 Environment: development\u001b[39m","timestamp":"2025-07-06 21:05:41:541"}
{"level":"\u001b[32minfo\u001b[39m","message":"\u001b[32m✅ Auth Service routes mounted on /auth\u001b[39m","timestamp":"2025-07-06 21:09:25:925"}
{"level":"\u001b[32minfo\u001b[39m","message":"\u001b[32m✅ Combined NewCondo Backend initialized successfully\u001b[39m","timestamp":"2025-07-06 21:09:25:925"}
{"level":"\u001b[32minfo\u001b[39m","message":"\u001b[32m🚀 Combined NewCondo Backend running on port 3001\u001b[39m","timestamp":"2025-07-06 21:09:25:925"}
{"level":"\u001b[32minfo\u001b[39m","message":"\u001b[32m📡 Health check available at: http://localhost:3001/health\u001b[39m","timestamp":"2025-07-06 21:09:25:925"}
{"level":"\u001b[32minfo\u001b[39m","message":"\u001b[32m🔗 API Documentation: http://localhost:3001/api/docs\u001b[39m","timestamp":"2025-07-06 21:09:25:925"}
{"level":"\u001b[32minfo\u001b[39m","message":"\u001b[32m🌍 Environment: development\u001b[39m","timestamp":"2025-07-06 21:09:25:925"}
{"level":"\u001b[32minfo\u001b[39m","message":"\u001b[32m✅ Auth Service routes mounted on /auth\u001b[39m","timestamp":"2025-07-06 21:11:36:1136"}
{"level":"\u001b[32minfo\u001b[39m","message":"\u001b[32m✅ Combined NewCondo Backend initialized successfully\u001b[39m","timestamp":"2025-07-06 21:11:36:1136"}
{"level":"\u001b[32minfo\u001b[39m","message":"\u001b[32m🚀 Combined NewCondo Backend running on port 3001\u001b[39m","timestamp":"2025-07-06 21:11:36:1136"}
{"level":"\u001b[32minfo\u001b[39m","message":"\u001b[32m📡 Health check available at: http://localhost:3001/health\u001b[39m","timestamp":"2025-07-06 21:11:36:1136"}
{"level":"\u001b[32minfo\u001b[39m","message":"\u001b[32m🔗 API Documentation: http://localhost:3001/api/docs\u001b[39m","timestamp":"2025-07-06 21:11:36:1136"}
{"level":"\u001b[32minfo\u001b[39m","message":"\u001b[32m🌍 Environment: development\u001b[39m","timestamp":"2025-07-06 21:11:36:1136"}
{"level":"\u001b[32minfo\u001b[39m","message":"\u001b[32m✅ Auth Service routes mounted on /auth\u001b[39m","timestamp":"2025-07-06 21:16:37:1637"}
{"level":"\u001b[32minfo\u001b[39m","message":"\u001b[32m✅ Combined NewCondo Backend initialized successfully\u001b[39m","timestamp":"2025-07-06 21:16:37:1637"}
{"level":"\u001b[32minfo\u001b[39m","message":"\u001b[32m🚀 Combined NewCondo Backend running on port 3001\u001b[39m","timestamp":"2025-07-06 21:16:37:1637"}
{"level":"\u001b[32minfo\u001b[39m","message":"\u001b[32m📡 Health check available at: http://localhost:3001/health\u001b[39m","timestamp":"2025-07-06 21:16:37:1637"}
{"level":"\u001b[32minfo\u001b[39m","message":"\u001b[32m🔗 API Documentation: http://localhost:3001/api/docs\u001b[39m","timestamp":"2025-07-06 21:16:37:1637"}
{"level":"\u001b[32minfo\u001b[39m","message":"\u001b[32m🌍 Environment: development\u001b[39m","timestamp":"2025-07-06 21:16:37:1637"}
{"level":"\u001b[32minfo\u001b[39m","message":"\u001b[32m✅ Combined NewCondo Backend initialized successfully\u001b[39m","timestamp":"2025-07-06 21:17:50:1750"}
{"level":"\u001b[32minfo\u001b[39m","message":"\u001b[32m🚀 Combined NewCondo Backend running on port 3001\u001b[39m","timestamp":"2025-07-06 21:17:50:1750"}
{"level":"\u001b[32minfo\u001b[39m","message":"\u001b[32m📡 Health check available at: http://localhost:3001/health\u001b[39m","timestamp":"2025-07-06 21:17:50:1750"}
{"level":"\u001b[32minfo\u001b[39m","message":"\u001b[32m🔗 API Documentation: http://localhost:3001/api/docs\u001b[39m","timestamp":"2025-07-06 21:17:50:1750"}
{"level":"\u001b[32minfo\u001b[39m","message":"\u001b[32m🌍 Environment: development\u001b[39m","timestamp":"2025-07-06 21:17:50:1750"}
{"level":"\u001b[32minfo\u001b[39m","message":"\u001b[32m✅ Auth Service routes mounted on /auth\u001b[39m","timestamp":"2025-07-06 21:18:42:1842"}
{"level":"\u001b[32minfo\u001b[39m","message":"\u001b[32m✅ Combined NewCondo Backend initialized successfully\u001b[39m","timestamp":"2025-07-06 21:18:42:1842"}
{"level":"\u001b[32minfo\u001b[39m","message":"\u001b[32m🚀 Combined NewCondo Backend running on port 3001\u001b[39m","timestamp":"2025-07-06 21:18:42:1842"}
{"level":"\u001b[32minfo\u001b[39m","message":"\u001b[32m📡 Health check available at: http://localhost:3001/health\u001b[39m","timestamp":"2025-07-06 21:18:42:1842"}
{"level":"\u001b[32minfo\u001b[39m","message":"\u001b[32m🔗 API Documentation: http://localhost:3001/api/docs\u001b[39m","timestamp":"2025-07-06 21:18:42:1842"}
{"level":"\u001b[32minfo\u001b[39m","message":"\u001b[32m🌍 Environment: development\u001b[39m","timestamp":"2025-07-06 21:18:42:1842"}
{"level":"\u001b[32minfo\u001b[39m","message":"\u001b[32m✅ Auth Service routes mounted on /auth\u001b[39m","timestamp":"2025-07-06 21:25:55:2555"}
{"level":"\u001b[32minfo\u001b[39m","message":"\u001b[32m✅ Combined NewCondo Backend initialized successfully\u001b[39m","timestamp":"2025-07-06 21:25:55:2555"}
{"level":"\u001b[32minfo\u001b[39m","message":"\u001b[32m✅ Auth Service routes mounted on /auth\u001b[39m","timestamp":"2025-07-06 21:28:23:2823"}
{"level":"\u001b[32minfo\u001b[39m","message":"\u001b[32m✅ Combined NewCondo Backend initialized successfully\u001b[39m","timestamp":"2025-07-06 21:28:23:2823"}
{"level":"\u001b[32minfo\u001b[39m","message":"\u001b[32m✅ Auth Service routes mounted on /auth\u001b[39m","timestamp":"2025-07-06 21:28:56:2856"}
{"level":"\u001b[32minfo\u001b[39m","message":"\u001b[32m✅ Combined NewCondo Backend initialized successfully\u001b[39m","timestamp":"2025-07-06 21:28:57:2857"}
{"level":"\u001b[32minfo\u001b[39m","message":"\u001b[32m✅ Combined NewCondo Backend initialized successfully\u001b[39m","timestamp":"2025-07-06 21:29:29:2929"}
{"level":"\u001b[32minfo\u001b[39m","message":"\u001b[32m✅ Auth Service routes mounted on /auth\u001b[39m","timestamp":"2025-07-06 21:29:49:2949"}
{"level":"\u001b[32minfo\u001b[39m","message":"\u001b[32m✅ Combined NewCondo Backend initialized successfully\u001b[39m","timestamp":"2025-07-06 21:29:49:2949"}
{"level":"\u001b[32minfo\u001b[39m","message":"\u001b[32m✅ Auth Service routes mounted on /auth\u001b[39m","timestamp":"2025-07-06 21:30:05:305"}
{"level":"\u001b[32minfo\u001b[39m","message":"\u001b[32m✅ Combined NewCondo Backend initialized successfully\u001b[39m","timestamp":"2025-07-06 21:30:05:305"}
{"level":"\u001b[32minfo\u001b[39m","message":"\u001b[32m✅ Auth Service routes mounted on /auth\u001b[39m","timestamp":"2025-07-06 21:30:30:3030"}
{"level":"\u001b[32minfo\u001b[39m","message":"\u001b[32m✅ Combined NewCondo Backend initialized successfully\u001b[39m","timestamp":"2025-07-06 21:30:30:3030"}
{"level":"\u001b[32minfo\u001b[39m","message":"\u001b[32m✅ Auth Service routes mounted on /auth\u001b[39m","timestamp":"2025-07-06 21:31:29:3129"}
{"level":"\u001b[32minfo\u001b[39m","message":"\u001b[32m✅ Combined NewCondo Backend initialized successfully\u001b[39m","timestamp":"2025-07-06 21:31:29:3129"}
{"level":"\u001b[32minfo\u001b[39m","message":"\u001b[32m✅ Auth Service routes mounted on /auth\u001b[39m","timestamp":"2025-07-06 21:32:47:3247"}
{"level":"\u001b[32minfo\u001b[39m","message":"\u001b[32m✅ Combined NewCondo Backend initialized successfully\u001b[39m","timestamp":"2025-07-06 21:32:47:3247"}
{"level":"\u001b[32minfo\u001b[39m","message":"\u001b[32m✅ Auth Service routes mounted on /auth\u001b[39m","timestamp":"2025-07-06 21:33:22:3322"}
{"level":"\u001b[32minfo\u001b[39m","message":"\u001b[32m✅ Combined NewCondo Backend initialized successfully\u001b[39m","timestamp":"2025-07-06 21:33:22:3322"}
{"level":"\u001b[32minfo\u001b[39m","message":"\u001b[32m✅ Auth Service routes mounted on /auth\u001b[39m","timestamp":"2025-07-06 21:55:19:5519"}
{"level":"\u001b[32minfo\u001b[39m","message":"\u001b[32m✅ Combined NewCondo Backend initialized successfully\u001b[39m","timestamp":"2025-07-06 21:55:19:5519"}
{"level":"\u001b[32minfo\u001b[39m","message":"\u001b[32m🚀 Combined NewCondo Backend running on port 3001\u001b[39m","timestamp":"2025-07-06 21:55:19:5519"}
{"level":"\u001b[32minfo\u001b[39m","message":"\u001b[32m📡 Health check available at: http://localhost:3001/health\u001b[39m","timestamp":"2025-07-06 21:55:19:5519"}
{"level":"\u001b[32minfo\u001b[39m","message":"\u001b[32m🔗 API Documentation: http://localhost:3001/api/docs\u001b[39m","timestamp":"2025-07-06 21:55:19:5519"}
{"level":"\u001b[32minfo\u001b[39m","message":"\u001b[32m🌍 Environment: development\u001b[39m","timestamp":"2025-07-06 21:55:19:5519"}
{"level":"\u001b[32minfo\u001b[39m","message":"\u001b[32m✅ Auth Service routes mounted on /auth\u001b[39m","timestamp":"2025-07-06 21:56:06:566"}
{"level":"\u001b[32minfo\u001b[39m","message":"\u001b[32m✅ Combined NewCondo Backend initialized successfully\u001b[39m","timestamp":"2025-07-06 21:56:06:566"}
{"level":"\u001b[32minfo\u001b[39m","message":"\u001b[32m🚀 Combined NewCondo Backend running on port 3001\u001b[39m","timestamp":"2025-07-06 21:56:06:566"}
{"level":"\u001b[32minfo\u001b[39m","message":"\u001b[32m📡 Health check available at: http://localhost:3001/health\u001b[39m","timestamp":"2025-07-06 21:56:06:566"}
{"level":"\u001b[32minfo\u001b[39m","message":"\u001b[32m🔗 API Documentation: http://localhost:3001/api/docs\u001b[39m","timestamp":"2025-07-06 21:56:06:566"}
{"level":"\u001b[32minfo\u001b[39m","message":"\u001b[32m🌍 Environment: development\u001b[39m","timestamp":"2025-07-06 21:56:06:566"}
{"level":"\u001b[32minfo\u001b[39m","message":"\u001b[32m✅ Auth Service routes mounted on /auth\u001b[39m","timestamp":"2025-07-06 22:19:29:1929"}
{"level":"\u001b[32minfo\u001b[39m","message":"\u001b[32m✅ Combined NewCondo Backend initialized successfully\u001b[39m","timestamp":"2025-07-06 22:19:29:1929"}
{"level":"\u001b[32minfo\u001b[39m","message":"\u001b[32m🚀 Combined NewCondo Backend running on port 3001\u001b[39m","timestamp":"2025-07-06 22:19:29:1929"}
{"level":"\u001b[32minfo\u001b[39m","message":"\u001b[32m📡 Health check available at: http://localhost:3001/health\u001b[39m","timestamp":"2025-07-06 22:19:29:1929"}
{"level":"\u001b[32minfo\u001b[39m","message":"\u001b[32m🔗 API Documentation: http://localhost:3001/api/docs\u001b[39m","timestamp":"2025-07-06 22:19:29:1929"}
{"level":"\u001b[32minfo\u001b[39m","message":"\u001b[32m🌍 Environment: development\u001b[39m","timestamp":"2025-07-06 22:19:29:1929"}
{"level":"\u001b[32minfo\u001b[39m","message":"\u001b[32mReceived SIGINT. Starting graceful shutdown...\u001b[39m","timestamp":"2025-07-06 22:20:32:2032"}
{"level":"\u001b[32minfo\u001b[39m","message":"\u001b[32m✅ Auth Service routes mounted on /auth\u001b[39m","timestamp":"2025-07-06 22:21:20:2120"}
{"level":"\u001b[32minfo\u001b[39m","message":"\u001b[32m✅ Combined NewCondo Backend initialized successfully\u001b[39m","timestamp":"2025-07-06 22:21:20:2120"}
{"level":"\u001b[32minfo\u001b[39m","message":"\u001b[32m🚀 Combined NewCondo Backend running on port 3001\u001b[39m","timestamp":"2025-07-06 22:21:20:2120"}
{"level":"\u001b[32minfo\u001b[39m","message":"\u001b[32m📡 Health check available at: http://localhost:3001/health\u001b[39m","timestamp":"2025-07-06 22:21:20:2120"}
{"level":"\u001b[32minfo\u001b[39m","message":"\u001b[32m🔗 API Documentation: http://localhost:3001/api/docs\u001b[39m","timestamp":"2025-07-06 22:21:20:2120"}
{"level":"\u001b[32minfo\u001b[39m","message":"\u001b[32m🌍 Environment: development\u001b[39m","timestamp":"2025-07-06 22:21:20:2120"}
{"level":"\u001b[32minfo\u001b[39m","message":"\u001b[32mReceived SIGINT. Starting graceful shutdown...\u001b[39m","timestamp":"2025-07-06 22:22:06:226"}
{"level":"\u001b[32minfo\u001b[39m","message":"\u001b[32m✅ Auth Service routes mounted on /auth\u001b[39m","timestamp":"2025-07-06 22:27:56:2756"}
{"level":"\u001b[32minfo\u001b[39m","message":"\u001b[32m✅ Combined NewCondo Backend initialized successfully\u001b[39m","timestamp":"2025-07-06 22:27:56:2756"}
{"level":"\u001b[32minfo\u001b[39m","message":"\u001b[32m🚀 Combined NewCondo Backend running on port 3001\u001b[39m","timestamp":"2025-07-06 22:27:56:2756"}
{"level":"\u001b[32minfo\u001b[39m","message":"\u001b[32m📡 Health check available at: http://localhost:3001/health\u001b[39m","timestamp":"2025-07-06 22:27:56:2756"}
{"level":"\u001b[32minfo\u001b[39m","message":"\u001b[32m🔗 API Documentation: http://localhost:3001/api/docs\u001b[39m","timestamp":"2025-07-06 22:27:56:2756"}
{"level":"\u001b[32minfo\u001b[39m","message":"\u001b[32m🌍 Environment: development\u001b[39m","timestamp":"2025-07-06 22:27:56:2756"}
{"level":"\u001b[32minfo\u001b[39m","message":"\u001b[32mReceived SIGINT. Starting graceful shutdown...\u001b[39m","timestamp":"2025-07-06 22:36:16:3616"}
{"level":"\u001b[32minfo\u001b[39m","message":"\u001b[32m✅ Auth Service routes mounted on /auth\u001b[39m","timestamp":"2025-07-06 22:40:18:4018"}
{"level":"\u001b[32minfo\u001b[39m","message":"\u001b[32m✅ Combined NewCondo Backend initialized successfully\u001b[39m","timestamp":"2025-07-06 22:40:18:4018"}
{"level":"\u001b[32minfo\u001b[39m","message":"\u001b[32m🚀 Combined NewCondo Backend running on port 3001\u001b[39m","timestamp":"2025-07-06 22:40:18:4018"}
{"level":"\u001b[32minfo\u001b[39m","message":"\u001b[32m📡 Health check available at: http://localhost:3001/health\u001b[39m","timestamp":"2025-07-06 22:40:18:4018"}
{"level":"\u001b[32minfo\u001b[39m","message":"\u001b[32m🔗 API Documentation: http://localhost:3001/api/docs\u001b[39m","timestamp":"2025-07-06 22:40:18:4018"}
{"level":"\u001b[32minfo\u001b[39m","message":"\u001b[32m🌍 Environment: development\u001b[39m","timestamp":"2025-07-06 22:40:18:4018"}
{"level":"\u001b[32minfo\u001b[39m","message":"\u001b[32mReceived SIGINT. Starting graceful shutdown...\u001b[39m","timestamp":"2025-07-06 22:49:17:4917"}
{"level":"\u001b[32minfo\u001b[39m","message":"\u001b[32m✅ Auth Service routes mounted on /auth\u001b[39m","timestamp":"2025-07-07 11:48:23:4823"}
{"level":"\u001b[32minfo\u001b[39m","message":"\u001b[32m✅ Combined NewCondo Backend initialized successfully\u001b[39m","timestamp":"2025-07-07 11:48:23:4823"}
{"level":"\u001b[32minfo\u001b[39m","message":"\u001b[32m🚀 Combined NewCondo Backend running on port 3001\u001b[39m","timestamp":"2025-07-07 11:48:24:4824"}
{"level":"\u001b[32minfo\u001b[39m","message":"\u001b[32m📡 Health check available at: http://localhost:3001/health\u001b[39m","timestamp":"2025-07-07 11:48:24:4824"}
{"level":"\u001b[32minfo\u001b[39m","message":"\u001b[32m🔗 API Documentation: http://localhost:3001/api/docs\u001b[39m","timestamp":"2025-07-07 11:48:24:4824"}
{"level":"\u001b[32minfo\u001b[39m","message":"\u001b[32m🌍 Environment: development\u001b[39m","timestamp":"2025-07-07 11:48:24:4824"}
{"level":"\u001b[32minfo\u001b[39m","message":"\u001b[32mReceived SIGINT. Starting graceful shutdown...\u001b[39m","timestamp":"2025-07-07 11:54:18:5418"}
{"level":"\u001b[32minfo\u001b[39m","message":"\u001b[32m✅ Auth Service routes mounted on /auth\u001b[39m","timestamp":"2025-07-07 11:55:12:5512"}
{"level":"\u001b[32minfo\u001b[39m","message":"\u001b[32m✅ Combined NewCondo Backend initialized successfully\u001b[39m","timestamp":"2025-07-07 11:55:12:5512"}
{"level":"\u001b[32minfo\u001b[39m","message":"\u001b[32m🚀 Combined NewCondo Backend running on port 3001\u001b[39m","timestamp":"2025-07-07 11:55:12:5512"}
{"level":"\u001b[32minfo\u001b[39m","message":"\u001b[32m📡 Health check available at: http://localhost:3001/health\u001b[39m","timestamp":"2025-07-07 11:55:12:5512"}
{"level":"\u001b[32minfo\u001b[39m","message":"\u001b[32m🔗 API Documentation: http://localhost:3001/api/docs\u001b[39m","timestamp":"2025-07-07 11:55:12:5512"}
{"level":"\u001b[32minfo\u001b[39m","message":"\u001b[32m🌍 Environment: development\u001b[39m","timestamp":"2025-07-07 11:55:12:5512"}
{"level":"\u001b[32minfo\u001b[39m","message":"\u001b[32m✅ Auth Service routes mounted on /auth\u001b[39m","timestamp":"2025-07-07 11:56:04:564"}
{"level":"\u001b[32minfo\u001b[39m","message":"\u001b[32m✅ Combined NewCondo Backend initialized successfully\u001b[39m","timestamp":"2025-07-07 11:56:04:564"}
{"level":"\u001b[32minfo\u001b[39m","message":"\u001b[32m🚀 Combined NewCondo Backend running on port 3001\u001b[39m","timestamp":"2025-07-07 11:56:04:564"}
{"level":"\u001b[32minfo\u001b[39m","message":"\u001b[32m📡 Health check available at: http://localhost:3001/health\u001b[39m","timestamp":"2025-07-07 11:56:04:564"}
{"level":"\u001b[32minfo\u001b[39m","message":"\u001b[32m🔗 API Documentation: http://localhost:3001/api/docs\u001b[39m","timestamp":"2025-07-07 11:56:04:564"}
{"level":"\u001b[32minfo\u001b[39m","message":"\u001b[32m🌍 Environment: development\u001b[39m","timestamp":"2025-07-07 11:56:04:564"}
{"level":"\u001b[32minfo\u001b[39m","message":"\u001b[32mTest route hit successfully\u001b[39m","timestamp":"2025-07-07 11:56:33:5633"}
{"level":"\u001b[32minfo\u001b[39m","message":"\u001b[32m✅ Auth Service routes mounted on /auth\u001b[39m","timestamp":"2025-07-07 12:03:49:349"}
{"level":"\u001b[32minfo\u001b[39m","message":"\u001b[32m✅ Combined NewCondo Backend initialized successfully\u001b[39m","timestamp":"2025-07-07 12:03:49:349"}
{"level":"\u001b[32minfo\u001b[39m","message":"\u001b[32m🚀 Combined NewCondo Backend running on port 3001\u001b[39m","timestamp":"2025-07-07 12:03:49:349"}
{"level":"\u001b[32minfo\u001b[39m","message":"\u001b[32m📡 Health check available at: http://localhost:3001/health\u001b[39m","timestamp":"2025-07-07 12:03:49:349"}
{"level":"\u001b[32minfo\u001b[39m","message":"\u001b[32m🔗 API Documentation: http://localhost:3001/api/docs\u001b[39m","timestamp":"2025-07-07 12:03:49:349"}
{"level":"\u001b[32minfo\u001b[39m","message":"\u001b[32m🌍 Environment: development\u001b[39m","timestamp":"2025-07-07 12:03:49:349"}
{"level":"\u001b[32minfo\u001b[39m","message":"\u001b[32m✅ Auth Service routes mounted on /auth\u001b[39m","timestamp":"2025-07-07 12:05:05:55"}
{"level":"\u001b[32minfo\u001b[39m","message":"\u001b[32m✅ Combined NewCondo Backend initialized successfully\u001b[39m","timestamp":"2025-07-07 12:05:05:55"}
{"level":"\u001b[32minfo\u001b[39m","message":"\u001b[32m🚀 Combined NewCondo Backend running on port 3001\u001b[39m","timestamp":"2025-07-07 12:05:05:55"}
{"level":"\u001b[32minfo\u001b[39m","message":"\u001b[32m📡 Health check available at: http://localhost:3001/health\u001b[39m","timestamp":"2025-07-07 12:05:05:55"}
{"level":"\u001b[32minfo\u001b[39m","message":"\u001b[32m🔗 API Documentation: http://localhost:3001/api/docs\u001b[39m","timestamp":"2025-07-07 12:05:05:55"}
{"level":"\u001b[32minfo\u001b[39m","message":"\u001b[32m🌍 Environment: development\u001b[39m","timestamp":"2025-07-07 12:05:05:55"}
{"level":"\u001b[32minfo\u001b[39m","message":"\u001b[32mReceived SIGINT. Starting graceful shutdown...\u001b[39m","timestamp":"2025-07-07 13:04:45:445"}
{"level":"\u001b[32minfo\u001b[39m","message":"\u001b[32m✅ Auth Service routes mounted on /auth\u001b[39m","timestamp":"2025-07-07 14:49:06:496"}
{"level":"\u001b[32minfo\u001b[39m","message":"\u001b[32m✅ Combined NewCondo Backend initialized successfully\u001b[39m","timestamp":"2025-07-07 14:49:06:496"}
{"level":"\u001b[32minfo\u001b[39m","message":"\u001b[32m🚀 Combined NewCondo Backend running on port 3001\u001b[39m","timestamp":"2025-07-07 14:49:08:498"}
{"level":"\u001b[32minfo\u001b[39m","message":"\u001b[32m📡 Health check available at: http://localhost:3001/health\u001b[39m","timestamp":"2025-07-07 14:49:08:498"}
{"level":"\u001b[32minfo\u001b[39m","message":"\u001b[32m🔗 API Documentation: http://localhost:3001/api/docs\u001b[39m","timestamp":"2025-07-07 14:49:08:498"}
{"level":"\u001b[32minfo\u001b[39m","message":"\u001b[32m🌍 Environment: development\u001b[39m","timestamp":"2025-07-07 14:49:08:498"}
{"level":"\u001b[32minfo\u001b[39m","message":"\u001b[32mReceived SIGINT. Starting graceful shutdown...\u001b[39m","timestamp":"2025-07-07 14:52:19:5219"}
{"level":"\u001b[32minfo\u001b[39m","message":"\u001b[32m✅ Auth Service routes mounted on /auth\u001b[39m","timestamp":"2025-07-07 14:52:36:5236"}
{"level":"\u001b[32minfo\u001b[39m","message":"\u001b[32m✅ Combined NewCondo Backend initialized successfully\u001b[39m","timestamp":"2025-07-07 14:52:36:5236"}
{"level":"\u001b[32minfo\u001b[39m","message":"\u001b[32m🚀 Combined NewCondo Backend running on port 3001\u001b[39m","timestamp":"2025-07-07 14:52:36:5236"}
{"level":"\u001b[32minfo\u001b[39m","message":"\u001b[32m📡 Health check available at: http://localhost:3001/health\u001b[39m","timestamp":"2025-07-07 14:52:36:5236"}
{"level":"\u001b[32minfo\u001b[39m","message":"\u001b[32m🔗 API Documentation: http://localhost:3001/api/docs\u001b[39m","timestamp":"2025-07-07 14:52:36:5236"}
{"level":"\u001b[32minfo\u001b[39m","message":"\u001b[32m🌍 Environment: development\u001b[39m","timestamp":"2025-07-07 14:52:36:5236"}
{"level":"\u001b[32minfo\u001b[39m","message":"\u001b[32mReceived SIGINT. Starting graceful shutdown...\u001b[39m","timestamp":"2025-07-07 14:53:10:5310"}
{"level":"\u001b[32minfo\u001b[39m","message":"\u001b[32m✅ Auth Service routes mounted on /auth\u001b[39m","timestamp":"2025-07-07 15:57:07:577"}
{"level":"\u001b[32minfo\u001b[39m","message":"\u001b[32m✅ Combined NewCondo Backend initialized successfully\u001b[39m","timestamp":"2025-07-07 15:57:07:577"}
{"level":"\u001b[32minfo\u001b[39m","message":"\u001b[32m🚀 Combined NewCondo Backend running on port 3001\u001b[39m","timestamp":"2025-07-07 15:57:07:577"}
{"level":"\u001b[32minfo\u001b[39m","message":"\u001b[32m📡 Health check available at: http://localhost:3001/health\u001b[39m","timestamp":"2025-07-07 15:57:07:577"}
{"level":"\u001b[32minfo\u001b[39m","message":"\u001b[32m🔗 API Documentation: http://localhost:3001/api/docs\u001b[39m","timestamp":"2025-07-07 15:57:07:577"}
{"level":"\u001b[32minfo\u001b[39m","message":"\u001b[32m🌍 Environment: development\u001b[39m","timestamp":"2025-07-07 15:57:07:577"}
{"level":"\u001b[32minfo\u001b[39m","message":"\u001b[32mReceived SIGINT. Starting graceful shutdown...\u001b[39m","timestamp":"2025-07-07 15:59:10:5910"}
{"level":"\u001b[32minfo\u001b[39m","message":"\u001b[32m✅ Auth Service routes mounted on /auth\u001b[39m","timestamp":"2025-07-08 11:25:14:2514"}
{"level":"\u001b[32minfo\u001b[39m","message":"\u001b[32m✅ Combined NewCondo Backend initialized successfully\u001b[39m","timestamp":"2025-07-08 11:25:14:2514"}
{"level":"\u001b[32minfo\u001b[39m","message":"\u001b[32m🚀 Combined NewCondo Backend running on port 3001\u001b[39m","timestamp":"2025-07-08 11:25:17:2517"}
{"level":"\u001b[32minfo\u001b[39m","message":"\u001b[32m📡 Health check available at: http://localhost:3001/health\u001b[39m","timestamp":"2025-07-08 11:25:17:2517"}
{"level":"\u001b[32minfo\u001b[39m","message":"\u001b[32m🔗 API Documentation: http://localhost:3001/api/docs\u001b[39m","timestamp":"2025-07-08 11:25:17:2517"}
{"level":"\u001b[32minfo\u001b[39m","message":"\u001b[32m🌍 Environment: development\u001b[39m","timestamp":"2025-07-08 11:25:17:2517"}
{"level":"\u001b[32minfo\u001b[39m","message":"\u001b[32mReceived SIGINT. Starting graceful shutdown...\u001b[39m","timestamp":"2025-07-08 11:43:31:4331"}
{"level":"\u001b[32minfo\u001b[39m","message":"\u001b[32m✅ Auth Service routes mounted on /auth\u001b[39m","timestamp":"2025-07-08 12:25:52:2552"}
{"level":"\u001b[32minfo\u001b[39m","message":"\u001b[32m✅ Combined NewCondo Backend initialized successfully\u001b[39m","timestamp":"2025-07-08 12:25:52:2552"}
{"level":"\u001b[32minfo\u001b[39m","message":"\u001b[32m🚀 Combined NewCondo Backend running on port 3001\u001b[39m","timestamp":"2025-07-08 12:25:52:2552"}
{"level":"\u001b[32minfo\u001b[39m","message":"\u001b[32m📡 Health check available at: http://localhost:3001/health\u001b[39m","timestamp":"2025-07-08 12:25:52:2552"}
{"level":"\u001b[32minfo\u001b[39m","message":"\u001b[32m🔗 API Documentation: http://localhost:3001/api/docs\u001b[39m","timestamp":"2025-07-08 12:25:52:2552"}
{"level":"\u001b[32minfo\u001b[39m","message":"\u001b[32m🌍 Environment: development\u001b[39m","timestamp":"2025-07-08 12:25:52:2552"}
{"level":"\u001b[32minfo\u001b[39m","message":"\u001b[32mReceived SIGINT. Starting graceful shutdown...\u001b[39m","timestamp":"2025-07-08 12:26:56:2656"}
{"level":"\u001b[32minfo\u001b[39m","message":"\u001b[32m✅ Auth Service routes mounted on /auth\u001b[39m","timestamp":"2025-07-08 17:05:46:546"}
{"level":"\u001b[32minfo\u001b[39m","message":"\u001b[32m✅ Combined NewCondo Backend initialized successfully\u001b[39m","timestamp":"2025-07-08 17:05:46:546"}
{"level":"\u001b[32minfo\u001b[39m","message":"\u001b[32m🚀 Combined NewCondo Backend running on port 3001\u001b[39m","timestamp":"2025-07-08 17:05:48:548"}
{"level":"\u001b[32minfo\u001b[39m","message":"\u001b[32m📡 Health check available at: http://localhost:3001/health\u001b[39m","timestamp":"2025-07-08 17:05:48:548"}
{"level":"\u001b[32minfo\u001b[39m","message":"\u001b[32m🔗 API Documentation: http://localhost:3001/api/docs\u001b[39m","timestamp":"2025-07-08 17:05:48:548"}
{"level":"\u001b[32minfo\u001b[39m","message":"\u001b[32m🌍 Environment: development\u001b[39m","timestamp":"2025-07-08 17:05:48:548"}
{"level":"\u001b[32minfo\u001b[39m","message":"\u001b[32m✅ Auth Service routes mounted on /auth\u001b[39m","timestamp":"2025-07-08 17:33:07:337"}
{"level":"\u001b[32minfo\u001b[39m","message":"\u001b[32m✅ Combined NewCondo Backend initialized successfully\u001b[39m","timestamp":"2025-07-08 17:33:07:337"}
{"level":"\u001b[32minfo\u001b[39m","message":"\u001b[32m🚀 Combined NewCondo Backend running on port 3001\u001b[39m","timestamp":"2025-07-08 17:33:07:337"}
{"level":"\u001b[32minfo\u001b[39m","message":"\u001b[32m📡 Health check available at: http://localhost:3001/health\u001b[39m","timestamp":"2025-07-08 17:33:07:337"}
{"level":"\u001b[32minfo\u001b[39m","message":"\u001b[32m🔗 API Documentation: http://localhost:3001/api/docs\u001b[39m","timestamp":"2025-07-08 17:33:07:337"}
{"level":"\u001b[32minfo\u001b[39m","message":"\u001b[32m🌍 Environment: development\u001b[39m","timestamp":"2025-07-08 17:33:07:337"}
{"level":"\u001b[32minfo\u001b[39m","message":"\u001b[32mReceived SIGINT. Starting graceful shutdown...\u001b[39m","timestamp":"2025-07-08 17:43:06:436"}
{"level":"\u001b[32minfo\u001b[39m","message":"\u001b[32m✅ Auth Service routes mounted on /auth\u001b[39m","timestamp":"2025-07-08 17:44:17:4417"}
{"level":"\u001b[32minfo\u001b[39m","message":"\u001b[32m✅ Combined NewCondo Backend initialized successfully\u001b[39m","timestamp":"2025-07-08 17:44:17:4417"}
{"level":"\u001b[32minfo\u001b[39m","message":"\u001b[32m🚀 Combined NewCondo Backend running on port 3001\u001b[39m","timestamp":"2025-07-08 17:44:17:4417"}
{"level":"\u001b[32minfo\u001b[39m","message":"\u001b[32m📡 Health check available at: http://localhost:3001/health\u001b[39m","timestamp":"2025-07-08 17:44:17:4417"}
{"level":"\u001b[32minfo\u001b[39m","message":"\u001b[32m🔗 API Documentation: http://localhost:3001/api/docs\u001b[39m","timestamp":"2025-07-08 17:44:17:4417"}
{"level":"\u001b[32minfo\u001b[39m","message":"\u001b[32m🌍 Environment: development\u001b[39m","timestamp":"2025-07-08 17:44:17:4417"}
{"level":"\u001b[32minfo\u001b[39m","message":"\u001b[32mReceived SIGINT. Starting graceful shutdown...\u001b[39m","timestamp":"2025-07-08 20:41:38:4138"}
{"level":"\u001b[32minfo\u001b[39m","message":"\u001b[32m✅ Auth Service routes mounted on /auth\u001b[39m","timestamp":"2025-07-08 20:42:34:4234"}
{"level":"\u001b[32minfo\u001b[39m","message":"\u001b[32m✅ Combined NewCondo Backend initialized successfully\u001b[39m","timestamp":"2025-07-08 20:42:34:4234"}
{"level":"\u001b[32minfo\u001b[39m","message":"\u001b[32m🚀 Combined NewCondo Backend running on port 3001\u001b[39m","timestamp":"2025-07-08 20:42:34:4234"}
{"level":"\u001b[32minfo\u001b[39m","message":"\u001b[32m📡 Health check available at: http://localhost:3001/health\u001b[39m","timestamp":"2025-07-08 20:42:34:4234"}
{"level":"\u001b[32minfo\u001b[39m","message":"\u001b[32m🔗 API Documentation: http://localhost:3001/api/docs\u001b[39m","timestamp":"2025-07-08 20:42:34:4234"}
{"level":"\u001b[32minfo\u001b[39m","message":"\u001b[32m🌍 Environment: development\u001b[39m","timestamp":"2025-07-08 20:42:34:4234"}
{"level":"\u001b[32minfo\u001b[39m","message":"\u001b[32mReceived SIGINT. Starting graceful shutdown...\u001b[39m","timestamp":"2025-07-08 20:48:27:4827"}
{"level":"\u001b[32minfo\u001b[39m","message":"\u001b[32m✅ Auth Service routes mounted on /auth\u001b[39m","timestamp":"2025-07-08 20:55:26:5526"}
{"level":"\u001b[32minfo\u001b[39m","message":"\u001b[32m✅ Combined NewCondo Backend initialized successfully\u001b[39m","timestamp":"2025-07-08 20:55:26:5526"}
{"level":"\u001b[32minfo\u001b[39m","message":"\u001b[32m🚀 Combined NewCondo Backend running on port 3001\u001b[39m","timestamp":"2025-07-08 20:55:26:5526"}
{"level":"\u001b[32minfo\u001b[39m","message":"\u001b[32m📡 Health check available at: http://localhost:3001/health\u001b[39m","timestamp":"2025-07-08 20:55:26:5526"}
{"level":"\u001b[32minfo\u001b[39m","message":"\u001b[32m🔗 API Documentation: http://localhost:3001/api/docs\u001b[39m","timestamp":"2025-07-08 20:55:26:5526"}
{"level":"\u001b[32minfo\u001b[39m","message":"\u001b[32m🌍 Environment: development\u001b[39m","timestamp":"2025-07-08 20:55:26:5526"}
{"level":"\u001b[32minfo\u001b[39m","message":"\u001b[32mReceived SIGINT. Starting graceful shutdown...\u001b[39m","timestamp":"2025-07-08 21:05:13:513"}
{"level":"\u001b[32minfo\u001b[39m","message":"\u001b[32m✅ Auth Service routes mounted on /auth\u001b[39m","timestamp":"2026-05-20 12:11:11:1111"}
{"level":"\u001b[32minfo\u001b[39m","message":"\u001b[32m✅ Combined NewCondo Backend initialized successfully\u001b[39m","timestamp":"2026-05-20 12:11:11:1111"}
{"level":"\u001b[32minfo\u001b[39m","message":"\u001b[32m🚀 Combined NewCondo Backend running on port 5000\u001b[39m","timestamp":"2026-05-20 12:11:11:1111"}
{"level":"\u001b[32minfo\u001b[39m","message":"\u001b[32m📡 Health check available at: http://localhost:5000/health\u001b[39m","timestamp":"2026-05-20 12:11:11:1111"}
{"level":"\u001b[32minfo\u001b[39m","message":"\u001b[32m🔗 API Documentation: http://localhost:5000/api/docs\u001b[39m","timestamp":"2026-05-20 12:11:11:1111"}
{"level":"\u001b[32minfo\u001b[39m","message":"\u001b[32m🌍 Environment: development\u001b[39m","timestamp":"2026-05-20 12:11:11:1111"}
{"level":"\u001b[32minfo\u001b[39m","message":"\u001b[32mReceived SIGINT. Starting graceful shutdown...\u001b[39m","timestamp":"2026-05-20 12:11:32:1132"}
{"level":"\u001b[32minfo\u001b[39m","message":"\u001b[32m✅ Auth Service routes mounted on /auth\u001b[39m","timestamp":"2026-05-20 13:02:59:259"}
{"level":"\u001b[32minfo\u001b[39m","message":"\u001b[32m✅ Combined NewCondo Backend initialized successfully\u001b[39m","timestamp":"2026-05-20 13:02:59:259"}
{"level":"\u001b[32minfo\u001b[39m","message":"\u001b[32m🚀 Combined NewCondo Backend running on port 5000\u001b[39m","timestamp":"2026-05-20 13:02:59:259"}
{"level":"\u001b[32minfo\u001b[39m","message":"\u001b[32m📡 Health check available at: http://localhost:5000/health\u001b[39m","timestamp":"2026-05-20 13:02:59:259"}
{"level":"\u001b[32minfo\u001b[39m","message":"\u001b[32m🔗 API Documentation: http://localhost:5000/api/docs\u001b[39m","timestamp":"2026-05-20 13:02:59:259"}
{"level":"\u001b[32minfo\u001b[39m","message":"\u001b[32m🌍 Environment: development\u001b[39m","timestamp":"2026-05-20 13:02:59:259"}
{"level":"\u001b[32minfo\u001b[39m","message":"\u001b[32mReceived SIGINT. Starting graceful shutdown...\u001b[39m","timestamp":"2026-05-20 13:17:03:173"}
{"level":"\u001b[32minfo\u001b[39m","message":"\u001b[32m✅ Auth Service routes mounted on /auth\u001b[39m","timestamp":"2026-05-20 13:17:16:1716"}
{"level":"\u001b[32minfo\u001b[39m","message":"\u001b[32m✅ Payment Service routes mounted on /payments\u001b[39m","timestamp":"2026-05-20 13:17:16:1716"}
{"level":"\u001b[32minfo\u001b[39m","message":"\u001b[32m✅ Combined NewCondo Backend initialized successfully\u001b[39m","timestamp":"2026-05-20 13:17:16:1716"}
{"level":"\u001b[32minfo\u001b[39m","message":"\u001b[32m🚀 Combined NewCondo Backend running on port 5000\u001b[39m","timestamp":"2026-05-20 13:17:16:1716"}
{"level":"\u001b[32minfo\u001b[39m","message":"\u001b[32m📡 Health check available at: http://localhost:5000/health\u001b[39m","timestamp":"2026-05-20 13:17:16:1716"}
{"level":"\u001b[32minfo\u001b[39m","message":"\u001b[32m🔗 API Documentation: http://localhost:5000/api/docs\u001b[39m","timestamp":"2026-05-20 13:17:16:1716"}
{"level":"\u001b[32minfo\u001b[39m","message":"\u001b[32m🌍 Environment: development\u001b[39m","timestamp":"2026-05-20 13:17:16:1716"}
{"level":"\u001b[32minfo\u001b[39m","message":"\u001b[32mReceived SIGINT. Starting graceful shutdown...\u001b[39m","timestamp":"2026-05-20 13:26:58:2658"}
{"level":"\u001b[32minfo\u001b[39m","message":"\u001b[32m✅ Auth Service routes mounted on /auth\u001b[39m","timestamp":"2026-05-20 14:01:24:124"}
{"level":"\u001b[32minfo\u001b[39m","message":"\u001b[32m✅ Payment Service routes mounted on /payments\u001b[39m","timestamp":"2026-05-20 14:01:24:124"}
{"level":"\u001b[32minfo\u001b[39m","message":"\u001b[32m✅ Combined NewCondo Backend initialized successfully\u001b[39m","timestamp":"2026-05-20 14:01:24:124"}
{"level":"\u001b[32minfo\u001b[39m","message":"\u001b[32m🚀 Combined NewCondo Backend running on port 5000\u001b[39m","timestamp":"2026-05-20 14:01:24:124"}
{"level":"\u001b[32minfo\u001b[39m","message":"\u001b[32m📡 Health check available at: http://localhost:5000/health\u001b[39m","timestamp":"2026-05-20 14:01:24:124"}
{"level":"\u001b[32minfo\u001b[39m","message":"\u001b[32m🔗 API Documentation: http://localhost:5000/api/docs\u001b[39m","timestamp":"2026-05-20 14:01:24:124"}
{"level":"\u001b[32minfo\u001b[39m","message":"\u001b[32m🌍 Environment: development\u001b[39m","timestamp":"2026-05-20 14:01:24:124"}
{"level":"\u001b[32minfo\u001b[39m","message":"\u001b[32mReceived SIGINT. Starting graceful shutdown...\u001b[39m","timestamp":"2026-05-20 14:34:06:346"}
{"level":"\u001b[32minfo\u001b[39m","message":"\u001b[32m✅ Auth Service routes mounted on /auth\u001b[39m","timestamp":"2026-05-20 14:35:22:3522"}
{"level":"\u001b[32minfo\u001b[39m","message":"\u001b[32m✅ Payment Service routes mounted on /payments\u001b[39m","timestamp":"2026-05-20 14:35:22:3522"}
{"level":"\u001b[32minfo\u001b[39m","message":"\u001b[32m✅ Combined NewCondo Backend initialized successfully\u001b[39m","timestamp":"2026-05-20 14:35:22:3522"}
{"level":"\u001b[32minfo\u001b[39m","message":"\u001b[32m🚀 Combined NewCondo Backend running on port 5000\u001b[39m","timestamp":"2026-05-20 14:35:22:3522"}
{"level":"\u001b[32minfo\u001b[39m","message":"\u001b[32m📡 Health check available at: http://localhost:5000/health\u001b[39m","timestamp":"2026-05-20 14:35:22:3522"}
{"level":"\u001b[32minfo\u001b[39m","message":"\u001b[32m🔗 API Documentation: http://localhost:5000/api/docs\u001b[39m","timestamp":"2026-05-20 14:35:22:3522"}
{"level":"\u001b[32minfo\u001b[39m","message":"\u001b[32m🌍 Environment: development\u001b[39m","timestamp":"2026-05-20 14:35:22:3522"}
{"level":"\u001b[32minfo\u001b[39m","message":"\u001b[32m✅ Auth Service routes mounted on /auth\u001b[39m","timestamp":"2026-05-20 14:43:39:4339"}
{"level":"\u001b[32minfo\u001b[39m","message":"\u001b[32m✅ Payment Service routes mounted on /payments\u001b[39m","timestamp":"2026-05-20 14:43:39:4339"}
{"level":"\u001b[32minfo\u001b[39m","message":"\u001b[32m✅ Combined NewCondo Backend initialized successfully\u001b[39m","timestamp":"2026-05-20 14:43:39:4339"}
{"level":"\u001b[32minfo\u001b[39m","message":"\u001b[32m🚀 Combined NewCondo Backend running on port 5000\u001b[39m","timestamp":"2026-05-20 14:43:39:4339"}
{"level":"\u001b[32minfo\u001b[39m","message":"\u001b[32m📡 Health check available at: http://localhost:5000/health\u001b[39m","timestamp":"2026-05-20 14:43:39:4339"}
{"level":"\u001b[32minfo\u001b[39m","message":"\u001b[32m🔗 API Documentation: http://localhost:5000/api/docs\u001b[39m","timestamp":"2026-05-20 14:43:39:4339"}
{"level":"\u001b[32minfo\u001b[39m","message":"\u001b[32m🌍 Environment: development\u001b[39m","timestamp":"2026-05-20 14:43:39:4339"}
{"level":"\u001b[32minfo\u001b[39m","message":"\u001b[32m✅ Auth Service routes mounted on /auth\u001b[39m","timestamp":"2026-05-20 14:50:17:5017"}
{"level":"\u001b[32minfo\u001b[39m","message":"\u001b[32m✅ Payment Service routes mounted on /payments\u001b[39m","timestamp":"2026-05-20 14:50:17:5017"}
{"level":"\u001b[32minfo\u001b[39m","message":"\u001b[32m✅ Combined NewCondo Backend initialized successfully\u001b[39m","timestamp":"2026-05-20 14:50:17:5017"}
{"level":"\u001b[32minfo\u001b[39m","message":"\u001b[32m🚀 Combined NewCondo Backend running on port 5000\u001b[39m","timestamp":"2026-05-20 14:50:17:5017"}
{"level":"\u001b[32minfo\u001b[39m","message":"\u001b[32m📡 Health check available at: http://localhost:5000/health\u001b[39m","timestamp":"2026-05-20 14:50:17:5017"}
{"level":"\u001b[32minfo\u001b[39m","message":"\u001b[32m🔗 API Documentation: http://localhost:5000/api/docs\u001b[39m","timestamp":"2026-05-20 14:50:17:5017"}
{"level":"\u001b[32minfo\u001b[39m","message":"\u001b[32m🌍 Environment: development\u001b[39m","timestamp":"2026-05-20 14:50:17:5017"}
{"level":"\u001b[32minfo\u001b[39m","message":"\u001b[32mReceived SIGINT. Starting graceful shutdown...\u001b[39m","timestamp":"2026-05-20 15:37:06:376"}
{"level":"\u001b[32minfo\u001b[39m","message":"\u001b[32m✅ Auth Service routes mounted on /auth\u001b[39m","timestamp":"2026-05-25 10:13:56:1356"}
{"level":"\u001b[32minfo\u001b[39m","message":"\u001b[32m✅ Payment Service routes mounted on /payments\u001b[39m","timestamp":"2026-05-25 10:13:56:1356"}
{"level":"\u001b[32minfo\u001b[39m","message":"\u001b[32m✅ Combined NewCondo Backend initialized successfully\u001b[39m","timestamp":"2026-05-25 10:13:56:1356"}
{"level":"\u001b[32minfo\u001b[39m","message":"\u001b[32m🚀 Combined NewCondo Backend running on port 5000\u001b[39m","timestamp":"2026-05-25 10:13:56:1356"}
{"level":"\u001b[32minfo\u001b[39m","message":"\u001b[32m📡 Health check available at: http://localhost:5000/health\u001b[39m","timestamp":"2026-05-25 10:13:56:1356"}
{"level":"\u001b[32minfo\u001b[39m","message":"\u001b[32m🔗 API Documentation: http://localhost:5000/api/docs\u001b[39m","timestamp":"2026-05-25 10:13:56:1356"}
{"level":"\u001b[32minfo\u001b[39m","message":"\u001b[32m🌍 Environment: development\u001b[39m","timestamp":"2026-05-25 10:13:56:1356"}
{"level":"\u001b[32minfo\u001b[39m","message":"\u001b[32mReceived SIGINT. Starting graceful shutdown...\u001b[39m","timestamp":"2026-05-25 10:56:37:5637"}
{"level":"\u001b[32minfo\u001b[39m","message":"\u001b[32m✅ Auth Service routes mounted on /auth\u001b[39m","timestamp":"2026-05-25 15:43:40:4340"}
{"level":"\u001b[32minfo\u001b[39m","message":"\u001b[32m✅ Payment Service routes mounted on /payments\u001b[39m","timestamp":"2026-05-25 15:43:40:4340"}
{"level":"\u001b[32minfo\u001b[39m","message":"\u001b[32m✅ Combined NewCondo Backend initialized successfully\u001b[39m","timestamp":"2026-05-25 15:43:40:4340"}
{"level":"\u001b[32minfo\u001b[39m","message":"\u001b[32m🚀 Combined NewCondo Backend running on port 5000\u001b[39m","timestamp":"2026-05-25 15:43:40:4340"}
{"level":"\u001b[32minfo\u001b[39m","message":"\u001b[32m📡 Health check available at: http://localhost:5000/health\u001b[39m","timestamp":"2026-05-25 15:43:40:4340"}
{"level":"\u001b[32minfo\u001b[39m","message":"\u001b[32m🔗 API Documentation: http://localhost:5000/api/docs\u001b[39m","timestamp":"2026-05-25 15:43:40:4340"}
{"level":"\u001b[32minfo\u001b[39m","message":"\u001b[32m🌍 Environment: development\u001b[39m","timestamp":"2026-05-25 15:43:40:4340"}
{"level":"\u001b[32minfo\u001b[39m","message":"\u001b[32mReceived SIGINT. Starting graceful shutdown...\u001b[39m","timestamp":"2026-05-25 15:54:33:5433"}
{"level":"\u001b[32minfo\u001b[39m","message":"\u001b[32m✅ Auth Service routes mounted on /auth\u001b[39m","timestamp":"2026-05-25 15:54:50:5450"}
{"level":"\u001b[32minfo\u001b[39m","message":"\u001b[32m✅ Payment Service routes mounted on /payments\u001b[39m","timestamp":"2026-05-25 15:54:50:5450"}
{"level":"\u001b[32minfo\u001b[39m","message":"\u001b[32m✅ Combined NewCondo Backend initialized successfully\u001b[39m","timestamp":"2026-05-25 15:54:50:5450"}
{"level":"\u001b[32minfo\u001b[39m","message":"\u001b[32m🚀 Combined NewCondo Backend running on port 5000\u001b[39m","timestamp":"2026-05-25 15:54:50:5450"}
{"level":"\u001b[32minfo\u001b[39m","message":"\u001b[32m📡 Health check available at: http://localhost:5000/health\u001b[39m","timestamp":"2026-05-25 15:54:50:5450"}
{"level":"\u001b[32minfo\u001b[39m","message":"\u001b[32m🔗 API Documentation: http://localhost:5000/api/docs\u001b[39m","timestamp":"2026-05-25 15:54:50:5450"}
{"level":"\u001b[32minfo\u001b[39m","message":"\u001b[32m🌍 Environment: development\u001b[39m","timestamp":"2026-05-25 15:54:50:5450"}
{"level":"\u001b[32minfo\u001b[39m","message":"\u001b[32m⏰ Self-pinger initialized. Will ping https://newcondo-combined-backend.onrender.com/health every 14 minutes.\u001b[39m","timestamp":"2026-05-25 15:54:50:5450"}
{"level":"\u001b[32minfo\u001b[39m","message":"\u001b[32mReceived SIGINT. Starting graceful shutdown...\u001b[39m","timestamp":"2026-05-25 15:57:05:575"}
{"level":"\u001b[32minfo\u001b[39m","message":"\u001b[32m✅ Auth Service routes mounted on /auth\u001b[39m","timestamp":"2026-05-25 15:57:19:5719"}
{"level":"\u001b[32minfo\u001b[39m","message":"\u001b[32m✅ Payment Service routes mounted on /payments\u001b[39m","timestamp":"2026-05-25 15:57:19:5719"}
{"level":"\u001b[32minfo\u001b[39m","message":"\u001b[32m✅ Combined NewCondo Backend initialized successfully\u001b[39m","timestamp":"2026-05-25 15:57:19:5719"}
{"level":"\u001b[32minfo\u001b[39m","message":"\u001b[32m🚀 Combined NewCondo Backend running on port 5000\u001b[39m","timestamp":"2026-05-25 15:57:19:5719"}
{"level":"\u001b[32minfo\u001b[39m","message":"\u001b[32m📡 Health check available at: http://localhost:5000/health\u001b[39m","timestamp":"2026-05-25 15:57:19:5719"}
{"level":"\u001b[32minfo\u001b[39m","message":"\u001b[32m🔗 API Documentation: http://localhost:5000/api/docs\u001b[39m","timestamp":"2026-05-25 15:57:19:5719"}
{"level":"\u001b[32minfo\u001b[39m","message":"\u001b[32m🌍 Environment: development\u001b[39m","timestamp":"2026-05-25 15:57:19:5719"}
{"level":"\u001b[32minfo\u001b[39m","message":"\u001b[32m⏰ Self-pinger initialized. Will ping https://newcondo-combined-backend.onrender.com/health every 14 minutes.\u001b[39m","timestamp":"2026-05-25 15:57:19:5719"}
{"level":"\u001b[32minfo\u001b[39m","message":"\u001b[32m✅ Auth Service routes mounted on /auth\u001b[39m","timestamp":"2026-05-25 15:58:09:589"}
{"level":"\u001b[32minfo\u001b[39m","message":"\u001b[32m✅ Payment Service routes mounted on /payments\u001b[39m","timestamp":"2026-05-25 15:58:09:589"}
{"level":"\u001b[32minfo\u001b[39m","message":"\u001b[32m✅ Combined NewCondo Backend initialized successfully\u001b[39m","timestamp":"2026-05-25 15:58:09:589"}
{"level":"\u001b[32minfo\u001b[39m","message":"\u001b[32m🚀 Combined NewCondo Backend running on port 5000\u001b[39m","timestamp":"2026-05-25 15:58:09:589"}
{"level":"\u001b[32minfo\u001b[39m","message":"\u001b[32m📡 Health check available at: http://localhost:5000/health\u001b[39m","timestamp":"2026-05-25 15:58:09:589"}
{"level":"\u001b[32minfo\u001b[39m","message":"\u001b[32m🔗 API Documentation: http://localhost:5000/api/docs\u001b[39m","timestamp":"2026-05-25 15:58:09:589"}
{"level":"\u001b[32minfo\u001b[39m","message":"\u001b[32m🌍 Environment: development\u001b[39m","timestamp":"2026-05-25 15:58:09:589"}
{"level":"\u001b[32minfo\u001b[39m","message":"\u001b[32m⏰ Self-pinger initialized. Will ping https://newcondo-combined-backend.onrender.com/health every 14 minutes.\u001b[39m","timestamp":"2026-05-25 15:58:09:589"}
{"level":"\u001b[32minfo\u001b[39m","message":"\u001b[32mReceived SIGINT. Starting graceful shutdown...\u001b[39m","timestamp":"2026-05-25 15:59:54:5954"}
{"level":"\u001b[32minfo\u001b[39m","message":"\u001b[32m✅ Auth Service routes mounted on /auth\u001b[39m","timestamp":"2026-05-25 16:00:08:08"}
{"level":"\u001b[32minfo\u001b[39m","message":"\u001b[32m✅ Payment Service routes mounted on /payments\u001b[39m","timestamp":"2026-05-25 16:00:08:08"}
{"level":"\u001b[32minfo\u001b[39m","message":"\u001b[32m✅ Combined NewCondo Backend initialized successfully\u001b[39m","timestamp":"2026-05-25 16:00:08:08"}
{"level":"\u001b[32minfo\u001b[39m","message":"\u001b[32m🚀 Combined NewCondo Backend running on port 5000\u001b[39m","timestamp":"2026-05-25 16:00:08:08"}
{"level":"\u001b[32minfo\u001b[39m","message":"\u001b[32m📡 Health check available at: http://localhost:5000/health\u001b[39m","timestamp":"2026-05-25 16:00:08:08"}
{"level":"\u001b[32minfo\u001b[39m","message":"\u001b[32m🔗 API Documentation: http://localhost:5000/api/docs\u001b[39m","timestamp":"2026-05-25 16:00:08:08"}
{"level":"\u001b[32minfo\u001b[39m","message":"\u001b[32m🌍 Environment: development\u001b[39m","timestamp":"2026-05-25 16:00:08:08"}
{"level":"\u001b[32minfo\u001b[39m","message":"\u001b[32m⏰ Self-pinger initialized. Will ping https://newcondo-combined-backend.onrender.com/health every 14 minutes.\u001b[39m","timestamp":"2026-05-25 16:00:08:08"}
{"level":"\u001b[32minfo\u001b[39m","message":"\u001b[32mReceived SIGINT. Starting graceful shutdown...\u001b[39m","timestamp":"2026-05-25 16:09:42:942"}
{"level":"\u001b[32minfo\u001b[39m","message":"\u001b[32m✅ Auth Service routes mounted on /auth\u001b[39m","timestamp":"2026-05-25 16:10:12:1012"}
{"level":"\u001b[32minfo\u001b[39m","message":"\u001b[32m✅ Payment Service routes mounted on /payments\u001b[39m","timestamp":"2026-05-25 16:10:12:1012"}
{"level":"\u001b[32minfo\u001b[39m","message":"\u001b[32m✅ Combined NewCondo Backend initialized successfully\u001b[39m","timestamp":"2026-05-25 16:10:12:1012"}
{"level":"\u001b[32minfo\u001b[39m","message":"\u001b[32m🚀 Combined NewCondo Backend running on port 5000\u001b[39m","timestamp":"2026-05-25 16:10:12:1012"}
{"level":"\u001b[32minfo\u001b[39m","message":"\u001b[32m📡 Health check available at: http://localhost:5000/health\u001b[39m","timestamp":"2026-05-25 16:10:12:1012"}
{"level":"\u001b[32minfo\u001b[39m","message":"\u001b[32m🔗 API Documentation: http://localhost:5000/api/docs\u001b[39m","timestamp":"2026-05-25 16:10:12:1012"}
{"level":"\u001b[32minfo\u001b[39m","message":"\u001b[32m🌍 Environment: development\u001b[39m","timestamp":"2026-05-25 16:10:12:1012"}
{"level":"\u001b[32minfo\u001b[39m","message":"\u001b[32m⏰ Self-pinger initialized. Will ping https://newcondo-combined-backend.onrender.com/health every 14 minutes.\u001b[39m","timestamp":"2026-05-25 16:10:12:1012"}
{"level":"\u001b[32minfo\u001b[39m","message":"\u001b[32mReceived SIGINT. Starting graceful shutdown...\u001b[39m","timestamp":"2026-05-25 16:14:55:1455"}
{"level":"\u001b[32minfo\u001b[39m","message":"\u001b[32m✅ Auth Service routes mounted on /auth\u001b[39m","timestamp":"2026-05-25 16:50:51:5051"}
{"level":"\u001b[32minfo\u001b[39m","message":"\u001b[32m✅ Payment Service routes mounted on /payments\u001b[39m","timestamp":"2026-05-25 16:50:51:5051"}
{"level":"\u001b[32minfo\u001b[39m","message":"\u001b[32m✅ Combined NewCondo Backend initialized successfully\u001b[39m","timestamp":"2026-05-25 16:50:51:5051"}
{"level":"\u001b[32minfo\u001b[39m","message":"\u001b[32m🚀 Combined NewCondo Backend running on port 5000\u001b[39m","timestamp":"2026-05-25 16:50:51:5051"}
{"level":"\u001b[32minfo\u001b[39m","message":"\u001b[32m📡 Health check available at: http://localhost:5000/health\u001b[39m","timestamp":"2026-05-25 16:50:51:5051"}
{"level":"\u001b[32minfo\u001b[39m","message":"\u001b[32m🔗 API Documentation: http://localhost:5000/api/docs\u001b[39m","timestamp":"2026-05-25 16:50:51:5051"}
{"level":"\u001b[32minfo\u001b[39m","message":"\u001b[32m🌍 Environment: development\u001b[39m","timestamp":"2026-05-25 16:50:51:5051"}
{"level":"\u001b[32minfo\u001b[39m","message":"\u001b[32m⏰ Self-pinger initialized. Will ping https://newcondo-combined-backend.onrender.com/health every 14 minutes.\u001b[39m","timestamp":"2026-05-25 16:50:51:5051"}
{"level":"\u001b[33mwarn\u001b[39m","message":"\u001b[33m⚠️ Self-ping returned status code: 503\u001b[39m","timestamp":"2026-05-25 17:04:52:452"}
{"level":"\u001b[33mwarn\u001b[39m","message":"\u001b[33m⚠️ Self-ping returned status code: 503\u001b[39m","timestamp":"2026-05-25 17:18:52:1852"}
{"level":"\u001b[33mwarn\u001b[39m","message":"\u001b[33m⚠️ Self-ping returned status code: 503\u001b[39m","timestamp":"2026-05-25 17:32:51:3251"}
{"level":"\u001b[33mwarn\u001b[39m","message":"\u001b[33m⚠️ Self-ping returned status code: 503\u001b[39m","timestamp":"2026-05-25 17:46:52:4652"}
{"level":"\u001b[33mwarn\u001b[39m","message":"\u001b[33m⚠️ Self-ping returned status code: 503\u001b[39m","timestamp":"2026-05-25 18:00:53:053"}
{"level":"\u001b[33mwarn\u001b[39m","message":"\u001b[33m⚠️ Self-ping returned status code: 503\u001b[39m","timestamp":"2026-05-25 18:14:52:1452"}
{"level":"\u001b[31merror\u001b[39m","message":"\u001b[31m❌ Error during self-ping:\u001b[39m","timestamp":"2026-05-25 18:23:39:2339"}
{"level":"\u001b[33mwarn\u001b[39m","message":"\u001b[33m⚠️ Self-ping returned status code: 503\u001b[39m","timestamp":"2026-05-25 18:28:52:2852"}
{"level":"\u001b[32minfo\u001b[39m","message":"\u001b[32mReceived SIGINT. Starting graceful shutdown...\u001b[39m","timestamp":"2026-05-25 18:31:59:3159"}
{"level":"\u001b[32minfo\u001b[39m","message":"\u001b[32m✅ Auth Service routes mounted on /auth\u001b[39m","timestamp":"2026-05-25 18:52:10:5210"}
{"level":"\u001b[32minfo\u001b[39m","message":"\u001b[32m✅ Payment Service routes mounted on /payments\u001b[39m","timestamp":"2026-05-25 18:52:10:5210"}
{"level":"\u001b[32minfo\u001b[39m","message":"\u001b[32m✅ Combined NewCondo Backend initialized successfully\u001b[39m","timestamp":"2026-05-25 18:52:10:5210"}
{"level":"\u001b[32minfo\u001b[39m","message":"\u001b[32m🚀 Combined NewCondo Backend running on port 5000\u001b[39m","timestamp":"2026-05-25 18:52:10:5210"}
{"level":"\u001b[32minfo\u001b[39m","message":"\u001b[32m📡 Health check available at: http://localhost:5000/health\u001b[39m","timestamp":"2026-05-25 18:52:10:5210"}
{"level":"\u001b[32minfo\u001b[39m","message":"\u001b[32m🔗 API Documentation: http://localhost:5000/api/docs\u001b[39m","timestamp":"2026-05-25 18:52:10:5210"}
{"level":"\u001b[32minfo\u001b[39m","message":"\u001b[32m🌍 Environment: development\u001b[39m","timestamp":"2026-05-25 18:52:10:5210"}
{"level":"\u001b[32minfo\u001b[39m","message":"\u001b[32m⏰ Self-pinger initialized. Will ping https://newcondo-combined-backend.onrender.com/health every 14 minutes.\u001b[39m","timestamp":"2026-05-25 18:52:10:5210"}
{"level":"\u001b[32minfo\u001b[39m","message":"\u001b[32mReceived SIGINT. Starting graceful shutdown...\u001b[39m","timestamp":"2026-05-25 18:54:58:5458"}
{"level":"\u001b[32minfo\u001b[39m","message":"\u001b[32m✅ Auth Service routes mounted on /auth\u001b[39m","timestamp":"2026-05-25 18:55:10:5510"}
{"level":"\u001b[32minfo\u001b[39m","message":"\u001b[32m✅ Payment Service routes mounted on /payments\u001b[39m","timestamp":"2026-05-25 18:55:10:5510"}
{"level":"\u001b[32minfo\u001b[39m","message":"\u001b[32m✅ Combined NewCondo Backend initialized successfully\u001b[39m","timestamp":"2026-05-25 18:55:10:5510"}
{"level":"\u001b[32minfo\u001b[39m","message":"\u001b[32m🚀 Combined NewCondo Backend running on port 5000\u001b[39m","timestamp":"2026-05-25 18:55:10:5510"}
{"level":"\u001b[32minfo\u001b[39m","message":"\u001b[32m📡 Health check available at: http://localhost:5000/health\u001b[39m","timestamp":"2026-05-25 18:55:10:5510"}
{"level":"\u001b[32minfo\u001b[39m","message":"\u001b[32m🔗 API Documentation: http://localhost:5000/api/docs\u001b[39m","timestamp":"2026-05-25 18:55:10:5510"}
{"level":"\u001b[32minfo\u001b[39m","message":"\u001b[32m🌍 Environment: development\u001b[39m","timestamp":"2026-05-25 18:55:10:5510"}
{"level":"\u001b[32minfo\u001b[39m","message":"\u001b[32m⏰ Self-pinger initialized. Will ping https://newcondo-combined-backend.onrender.com/health every 14 minutes.\u001b[39m","timestamp":"2026-05-25 18:55:10:5510"}
{"level":"\u001b[32minfo\u001b[39m","message":"\u001b[32mReceived SIGINT. Starting graceful shutdown...\u001b[39m","timestamp":"2026-05-25 18:55:43:5543"}
{"level":"\u001b[32minfo\u001b[39m","message":"\u001b[32m✅ Auth Service routes mounted on /auth\u001b[39m","timestamp":"2026-05-25 18:56:26:5626"}
{"level":"\u001b[32minfo\u001b[39m","message":"\u001b[32m✅ Payment Service routes mounted on /payments\u001b[39m","timestamp":"2026-05-25 18:56:26:5626"}
{"level":"\u001b[32minfo\u001b[39m","message":"\u001b[32m✅ Combined NewCondo Backend initialized successfully\u001b[39m","timestamp":"2026-05-25 18:56:26:5626"}
{"level":"\u001b[32minfo\u001b[39m","message":"\u001b[32m🚀 Combined NewCondo Backend running on port 5000\u001b[39m","timestamp":"2026-05-25 18:56:26:5626"}
{"level":"\u001b[32minfo\u001b[39m","message":"\u001b[32m📡 Health check available at: http://localhost:5000/health\u001b[39m","timestamp":"2026-05-25 18:56:26:5626"}
{"level":"\u001b[32minfo\u001b[39m","message":"\u001b[32m🔗 API Documentation: http://localhost:5000/api/docs\u001b[39m","timestamp":"2026-05-25 18:56:26:5626"}
{"level":"\u001b[32minfo\u001b[39m","message":"\u001b[32m🌍 Environment: development\u001b[39m","timestamp":"2026-05-25 18:56:26:5626"}
{"level":"\u001b[32minfo\u001b[39m","message":"\u001b[32m⏰ Self-pinger initialized. Will ping https://newcondo-combined-backend.onrender.com/health every 14 minutes.\u001b[39m","timestamp":"2026-05-25 18:56:26:5626"}
{"level":"\u001b[32minfo\u001b[39m","message":"\u001b[32mReceived SIGINT. Starting graceful shutdown...\u001b[39m","timestamp":"2026-05-25 19:08:33:833"}
{"level":"\u001b[32minfo\u001b[39m","message":"\u001b[32m✅ Auth Service routes mounted on /auth\u001b[39m","timestamp":"2026-05-25 19:21:33:2133"}
{"level":"\u001b[32minfo\u001b[39m","message":"\u001b[32m✅ Payment Service routes mounted on /payments\u001b[39m","timestamp":"2026-05-25 19:21:33:2133"}
{"level":"\u001b[32minfo\u001b[39m","message":"\u001b[32m✅ Combined NewCondo Backend initialized successfully\u001b[39m","timestamp":"2026-05-25 19:21:33:2133"}
{"level":"\u001b[32minfo\u001b[39m","message":"\u001b[32m🚀 Combined NewCondo Backend running on port 5000\u001b[39m","timestamp":"2026-05-25 19:21:33:2133"}
{"level":"\u001b[32minfo\u001b[39m","message":"\u001b[32m📡 Health check available at: http://localhost:5000/health\u001b[39m","timestamp":"2026-05-25 19:21:33:2133"}
{"level":"\u001b[32minfo\u001b[39m","message":"\u001b[32m🔗 API Documentation: http://localhost:5000/api/docs\u001b[39m","timestamp":"2026-05-25 19:21:33:2133"}
{"level":"\u001b[32minfo\u001b[39m","message":"\u001b[32m🌍 Environment: development\u001b[39m","timestamp":"2026-05-25 19:21:33:2133"}
{"level":"\u001b[32minfo\u001b[39m","message":"\u001b[32m⏰ Self-pinger initialized. Will ping https://newcondo-combined-backend.onrender.com/health every 14 minutes.\u001b[39m","timestamp":"2026-05-25 19:21:33:2133"}
{"level":"\u001b[32minfo\u001b[39m","message":"\u001b[32mReceived SIGINT. Starting graceful shutdown...\u001b[39m","timestamp":"2026-05-25 19:23:48:2348"}
{"level":"\u001b[32minfo\u001b[39m","message":"\u001b[32m✅ Auth Service routes mounted on /auth\u001b[39m","timestamp":"2026-05-25 19:26:40:2640"}
{"level":"\u001b[32minfo\u001b[39m","message":"\u001b[32m✅ Payment Service routes mounted on /payments\u001b[39m","timestamp":"2026-05-25 19:26:40:2640"}
{"level":"\u001b[32minfo\u001b[39m","message":"\u001b[32m✅ Combined NewCondo Backend initialized successfully\u001b[39m","timestamp":"2026-05-25 19:26:40:2640"}
{"level":"\u001b[32minfo\u001b[39m","message":"\u001b[32m🚀 Combined NewCondo Backend running on port 5000\u001b[39m","timestamp":"2026-05-25 19:26:40:2640"}
{"level":"\u001b[32minfo\u001b[39m","message":"\u001b[32m📡 Health check available at: http://localhost:5000/health\u001b[39m","timestamp":"2026-05-25 19:26:40:2640"}
{"level":"\u001b[32minfo\u001b[39m","message":"\u001b[32m🔗 API Documentation: http://localhost:5000/api/docs\u001b[39m","timestamp":"2026-05-25 19:26:40:2640"}
{"level":"\u001b[32minfo\u001b[39m","message":"\u001b[32m🌍 Environment: development\u001b[39m","timestamp":"2026-05-25 19:26:40:2640"}
{"level":"\u001b[32minfo\u001b[39m","message":"\u001b[32m⏰ Self-pinger initialized. Will ping https://newcondo-combined-backend.onrender.com/health every 14 minutes.\u001b[39m","timestamp":"2026-05-25 19:26:40:2640"}
{"level":"\u001b[32minfo\u001b[39m","message":"\u001b[32mReceived SIGINT. Starting graceful shutdown...\u001b[39m","timestamp":"2026-05-25 19:28:17:2817"}
{"level":"\u001b[32minfo\u001b[39m","message":"\u001b[32m✅ Auth Service routes mounted on /auth\u001b[39m","timestamp":"2026-05-25 19:47:55:4755"}
{"level":"\u001b[32minfo\u001b[39m","message":"\u001b[32m✅ Payment Service routes mounted on /payments\u001b[39m","timestamp":"2026-05-25 19:47:55:4755"}
{"level":"\u001b[32minfo\u001b[39m","message":"\u001b[32m✅ Combined NewCondo Backend initialized successfully\u001b[39m","timestamp":"2026-05-25 19:47:55:4755"}
{"level":"\u001b[32minfo\u001b[39m","message":"\u001b[32m🚀 Combined NewCondo Backend running on port 5000\u001b[39m","timestamp":"2026-05-25 19:47:55:4755"}
{"level":"\u001b[32minfo\u001b[39m","message":"\u001b[32m📡 Health check available at: http://localhost:5000/health\u001b[39m","timestamp":"2026-05-25 19:47:55:4755"}
{"level":"\u001b[32minfo\u001b[39m","message":"\u001b[32m🔗 API Documentation: http://localhost:5000/api/docs\u001b[39m","timestamp":"2026-05-25 19:47:55:4755"}
{"level":"\u001b[32minfo\u001b[39m","message":"\u001b[32m🌍 Environment: development\u001b[39m","timestamp":"2026-05-25 19:47:55:4755"}
{"level":"\u001b[32minfo\u001b[39m","message":"\u001b[32m⏰ Self-pinger initialized. Will ping https://newcondo-combined-backend.onrender.com/health every 14 minutes.\u001b[39m","timestamp":"2026-05-25 19:47:55:4755"}
{"level":"\u001b[32minfo\u001b[39m","message":"\u001b[32mReceived SIGINT. Starting graceful shutdown...\u001b[39m","timestamp":"2026-05-25 19:53:22:5322"}
{"level":"\u001b[32minfo\u001b[39m","message":"\u001b[32m✅ Auth Service routes mounted on /auth\u001b[39m","timestamp":"2026-05-25 19:53:29:5329"}
{"level":"\u001b[32minfo\u001b[39m","message":"\u001b[32m✅ Payment Service routes mounted on /payments\u001b[39m","timestamp":"2026-05-25 19:53:29:5329"}
{"level":"\u001b[32minfo\u001b[39m","message":"\u001b[32m✅ Combined NewCondo Backend initialized successfully\u001b[39m","timestamp":"2026-05-25 19:53:29:5329"}
{"level":"\u001b[32minfo\u001b[39m","message":"\u001b[32m🚀 Combined NewCondo Backend running on port 5000\u001b[39m","timestamp":"2026-05-25 19:53:29:5329"}
{"level":"\u001b[32minfo\u001b[39m","message":"\u001b[32m📡 Health check available at: http://localhost:5000/health\u001b[39m","timestamp":"2026-05-25 19:53:29:5329"}
{"level":"\u001b[32minfo\u001b[39m","message":"\u001b[32m🔗 API Documentation: http://localhost:5000/api/docs\u001b[39m","timestamp":"2026-05-25 19:53:29:5329"}
{"level":"\u001b[32minfo\u001b[39m","message":"\u001b[32m🌍 Environment: development\u001b[39m","timestamp":"2026-05-25 19:53:29:5329"}
{"level":"\u001b[32minfo\u001b[39m","message":"\u001b[32m⏰ Self-pinger initialized. Will ping https://newcondo-combined-backend.onrender.com/health every 14 minutes.\u001b[39m","timestamp":"2026-05-25 19:53:29:5329"}
{"level":"\u001b[32minfo\u001b[39m","message":"\u001b[32mReceived SIGINT. Starting graceful shutdown...\u001b[39m","timestamp":"2026-05-25 19:54:39:5439"}
{"level":"\u001b[32minfo\u001b[39m","message":"\u001b[32m✅ Auth Service routes mounted on /auth\u001b[39m","timestamp":"2026-05-25 19:56:43:5643"}
{"level":"\u001b[32minfo\u001b[39m","message":"\u001b[32m✅ Payment Service routes mounted on /payments\u001b[39m","timestamp":"2026-05-25 19:56:43:5643"}
{"level":"\u001b[32minfo\u001b[39m","message":"\u001b[32m✅ Combined NewCondo Backend initialized successfully\u001b[39m","timestamp":"2026-05-25 19:56:43:5643"}
{"level":"\u001b[32minfo\u001b[39m","message":"\u001b[32m🚀 Combined NewCondo Backend running on port 5000\u001b[39m","timestamp":"2026-05-25 19:56:43:5643"}
{"level":"\u001b[32minfo\u001b[39m","message":"\u001b[32m📡 Health check available at: http://localhost:5000/health\u001b[39m","timestamp":"2026-05-25 19:56:43:5643"}
{"level":"\u001b[32minfo\u001b[39m","message":"\u001b[32m🔗 API Documentation: http://localhost:5000/api/docs\u001b[39m","timestamp":"2026-05-25 19:56:43:5643"}
{"level":"\u001b[32minfo\u001b[39m","message":"\u001b[32m🌍 Environment: development\u001b[39m","timestamp":"2026-05-25 19:56:43:5643"}
{"level":"\u001b[32minfo\u001b[39m","message":"\u001b[32m⏰ Self-pinger initialized. Will ping https://newcondo-combined-backend.onrender.com/health every 14 minutes.\u001b[39m","timestamp":"2026-05-25 19:56:43:5643"}
{"level":"\u001b[32minfo\u001b[39m","message":"\u001b[32mReceived SIGINT. Starting graceful shutdown...\u001b[39m","timestamp":"2026-05-25 20:00:07:07"}
{"level":"\u001b[32minfo\u001b[39m","message":"\u001b[32m✅ Auth Service routes mounted on /auth\u001b[39m","timestamp":"2026-05-25 20:14:31:1431"}
{"level":"\u001b[32minfo\u001b[39m","message":"\u001b[32m✅ Payment Service routes mounted on /payments\u001b[39m","timestamp":"2026-05-25 20:14:31:1431"}
{"level":"\u001b[32minfo\u001b[39m","message":"\u001b[32m✅ Combined NewCondo Backend initialized successfully\u001b[39m","timestamp":"2026-05-25 20:14:31:1431"}
{"level":"\u001b[32minfo\u001b[39m","message":"\u001b[32m🚀 Combined NewCondo Backend running on port 5000\u001b[39m","timestamp":"2026-05-25 20:14:31:1431"}
{"level":"\u001b[32minfo\u001b[39m","message":"\u001b[32m📡 Health check available at: http://localhost:5000/health\u001b[39m","timestamp":"2026-05-25 20:14:31:1431"}
{"level":"\u001b[32minfo\u001b[39m","message":"\u001b[32m🔗 API Documentation: http://localhost:5000/api/docs\u001b[39m","timestamp":"2026-05-25 20:14:31:1431"}
{"level":"\u001b[32minfo\u001b[39m","message":"\u001b[32m🌍 Environment: development\u001b[39m","timestamp":"2026-05-25 20:14:31:1431"}
{"level":"\u001b[32minfo\u001b[39m","message":"\u001b[32m⏰ Self-pinger initialized. Will ping https://newcondo-combined-backend.onrender.com/health every 14 minutes.\u001b[39m","timestamp":"2026-05-25 20:14:31:1431"}
{"level":"\u001b[32minfo\u001b[39m","message":"\u001b[32mReceived SIGINT. Starting graceful shutdown...\u001b[39m","timestamp":"2026-05-25 20:17:12:1712"}
{"level":"\u001b[32minfo\u001b[39m","message":"\u001b[32m✅ Auth Service routes mounted on /auth\u001b[39m","timestamp":"2026-05-25 20:17:20:1720"}
{"level":"\u001b[32minfo\u001b[39m","message":"\u001b[32m✅ Payment Service routes mounted on /payments\u001b[39m","timestamp":"2026-05-25 20:17:20:1720"}
{"level":"\u001b[32minfo\u001b[39m","message":"\u001b[32m✅ Combined NewCondo Backend initialized successfully\u001b[39m","timestamp":"2026-05-25 20:17:20:1720"}
{"level":"\u001b[32minfo\u001b[39m","message":"\u001b[32m🚀 Combined NewCondo Backend running on port 5000\u001b[39m","timestamp":"2026-05-25 20:17:20:1720"}
{"level":"\u001b[32minfo\u001b[39m","message":"\u001b[32m📡 Health check available at: http://localhost:5000/health\u001b[39m","timestamp":"2026-05-25 20:17:20:1720"}
{"level":"\u001b[32minfo\u001b[39m","message":"\u001b[32m🔗 API Documentation: http://localhost:5000/api/docs\u001b[39m","timestamp":"2026-05-25 20:17:20:1720"}
{"level":"\u001b[32minfo\u001b[39m","message":"\u001b[32m🌍 Environment: development\u001b[39m","timestamp":"2026-05-25 20:17:20:1720"}
{"level":"\u001b[32minfo\u001b[39m","message":"\u001b[32m⏰ Self-pinger initialized. Will ping https://newcondo-combined-backend.onrender.com/health every 14 minutes.\u001b[39m","timestamp":"2026-05-25 20:17:20:1720"}
{"level":"\u001b[32minfo\u001b[39m","message":"\u001b[32mReceived SIGINT. Starting graceful shutdown...\u001b[39m","timestamp":"2026-05-25 20:20:35:2035"}
{"level":"\u001b[32minfo\u001b[39m","message":"\u001b[32m✅ Auth Service routes mounted on /auth\u001b[39m","timestamp":"2026-05-25 20:20:43:2043"}
{"level":"\u001b[32minfo\u001b[39m","message":"\u001b[32m✅ Payment Service routes mounted on /payments\u001b[39m","timestamp":"2026-05-25 20:20:43:2043"}
{"level":"\u001b[32minfo\u001b[39m","message":"\u001b[32m✅ Combined NewCondo Backend initialized successfully\u001b[39m","timestamp":"2026-05-25 20:20:43:2043"}
{"level":"\u001b[32minfo\u001b[39m","message":"\u001b[32m🚀 Combined NewCondo Backend running on port 5000\u001b[39m","timestamp":"2026-05-25 20:20:43:2043"}
{"level":"\u001b[32minfo\u001b[39m","message":"\u001b[32m📡 Health check available at: http://localhost:5000/health\u001b[39m","timestamp":"2026-05-25 20:20:43:2043"}
{"level":"\u001b[32minfo\u001b[39m","message":"\u001b[32m🔗 API Documentation: http://localhost:5000/api/docs\u001b[39m","timestamp":"2026-05-25 20:20:43:2043"}
{"level":"\u001b[32minfo\u001b[39m","message":"\u001b[32m🌍 Environment: development\u001b[39m","timestamp":"2026-05-25 20:20:43:2043"}
{"level":"\u001b[32minfo\u001b[39m","message":"\u001b[32m⏰ Self-pinger initialized. Will ping https://newcondo-combined-backend.onrender.com/health every 14 minutes.\u001b[39m","timestamp":"2026-05-25 20:20:43:2043"}
{"level":"\u001b[32minfo\u001b[39m","message":"\u001b[32mReceived SIGINT. Starting graceful shutdown...\u001b[39m","timestamp":"2026-05-25 20:20:55:2055"}
{"level":"\u001b[32minfo\u001b[39m","message":"\u001b[32m✅ Auth Service routes mounted on /auth\u001b[39m","timestamp":"2026-05-25 20:21:04:214"}
{"level":"\u001b[32minfo\u001b[39m","message":"\u001b[32m✅ Payment Service routes mounted on /payments\u001b[39m","timestamp":"2026-05-25 20:21:04:214"}
{"level":"\u001b[32minfo\u001b[39m","message":"\u001b[32m✅ Combined NewCondo Backend initialized successfully\u001b[39m","timestamp":"2026-05-25 20:21:04:214"}
{"level":"\u001b[32minfo\u001b[39m","message":"\u001b[32m🚀 Combined NewCondo Backend running on port 5000\u001b[39m","timestamp":"2026-05-25 20:21:04:214"}
{"level":"\u001b[32minfo\u001b[39m","message":"\u001b[32m📡 Health check available at: http://localhost:5000/health\u001b[39m","timestamp":"2026-05-25 20:21:04:214"}
{"level":"\u001b[32minfo\u001b[39m","message":"\u001b[32m🔗 API Documentation: http://localhost:5000/api/docs\u001b[39m","timestamp":"2026-05-25 20:21:04:214"}
{"level":"\u001b[32minfo\u001b[39m","message":"\u001b[32m🌍 Environment: development\u001b[39m","timestamp":"2026-05-25 20:21:04:214"}
{"level":"\u001b[32minfo\u001b[39m","message":"\u001b[32m⏰ Self-pinger initialized. Will ping https://newcondo-combined-backend.onrender.com/health every 14 minutes.\u001b[39m","timestamp":"2026-05-25 20:21:04:214"}
{"level":"\u001b[32minfo\u001b[39m","message":"\u001b[32mReceived SIGINT. Starting graceful shutdown...\u001b[39m","timestamp":"2026-05-25 20:21:16:2116"}
{"level":"\u001b[32minfo\u001b[39m","message":"\u001b[32m✅ Auth Service routes mounted on /auth\u001b[39m","timestamp":"2026-05-28 07:59:21:5921"}
{"level":"\u001b[32minfo\u001b[39m","message":"\u001b[32m✅ Payment Service routes mounted on /payments\u001b[39m","timestamp":"2026-05-28 07:59:21:5921"}
{"level":"\u001b[32minfo\u001b[39m","message":"\u001b[32m✅ Combined NewCondo Backend initialized successfully\u001b[39m","timestamp":"2026-05-28 07:59:21:5921"}
{"level":"\u001b[32minfo\u001b[39m","message":"\u001b[32m🚀 Combined NewCondo Backend running on port 5000\u001b[39m","timestamp":"2026-05-28 07:59:21:5921"}
{"level":"\u001b[32minfo\u001b[39m","message":"\u001b[32m📡 Health check available at: http://localhost:5000/health\u001b[39m","timestamp":"2026-05-28 07:59:21:5921"}
{"level":"\u001b[32minfo\u001b[39m","message":"\u001b[32m🔗 API Documentation: http://localhost:5000/api/docs\u001b[39m","timestamp":"2026-05-28 07:59:21:5921"}
{"level":"\u001b[32minfo\u001b[39m","message":"\u001b[32m🌍 Environment: development\u001b[39m","timestamp":"2026-05-28 07:59:21:5921"}
{"level":"\u001b[32minfo\u001b[39m","message":"\u001b[32m⏰ Self-pinger initialized. Will ping https://newcondo-combined-backend.onrender.com/health every 14 minutes.\u001b[39m","timestamp":"2026-05-28 07:59:21:5921"}
{"level":"\u001b[32minfo\u001b[39m","message":"\u001b[32mReceived SIGINT. Starting graceful shutdown...\u001b[39m","timestamp":"2026-05-28 07:59:45:5945"}
{"level":"\u001b[32minfo\u001b[39m","message":"\u001b[32m✅ Auth Service routes mounted on /auth\u001b[39m","timestamp":"2026-05-28 08:01:41:141"}
{"level":"\u001b[32minfo\u001b[39m","message":"\u001b[32m✅ Payment Service routes mounted on /payments\u001b[39m","timestamp":"2026-05-28 08:01:41:141"}
{"level":"\u001b[32minfo\u001b[39m","message":"\u001b[32m✅ Combined NewCondo Backend initialized successfully\u001b[39m","timestamp":"2026-05-28 08:01:41:141"}
{"level":"\u001b[32minfo\u001b[39m","message":"\u001b[32m🚀 Combined NewCondo Backend running on port 5000\u001b[39m","timestamp":"2026-05-28 08:01:41:141"}
{"level":"\u001b[32minfo\u001b[39m","message":"\u001b[32m📡 Health check available at: http://localhost:5000/health\u001b[39m","timestamp":"2026-05-28 08:01:41:141"}
{"level":"\u001b[32minfo\u001b[39m","message":"\u001b[32m🔗 API Documentation: http://localhost:5000/api/docs\u001b[39m","timestamp":"2026-05-28 08:01:41:141"}
{"level":"\u001b[32minfo\u001b[39m","message":"\u001b[32m🌍 Environment: development\u001b[39m","timestamp":"2026-05-28 08:01:41:141"}
{"level":"\u001b[32minfo\u001b[39m","message":"\u001b[32m⏰ Self-pinger initialized. Will ping https://newcondo-combined-backend.onrender.com/health every 14 minutes.\u001b[39m","timestamp":"2026-05-28 08:01:41:141"}
{"level":"\u001b[32minfo\u001b[39m","message":"\u001b[32m💓 Self-ping successful. Keeping the instance awake.\u001b[39m","timestamp":"2026-05-28 08:15:42:1542"}
{"level":"\u001b[32minfo\u001b[39m","message":"\u001b[32m💓 Self-ping successful. Keeping the instance awake.\u001b[39m","timestamp":"2026-05-28 08:29:42:2942"}
{"level":"\u001b[32minfo\u001b[39m","message":"\u001b[32m💓 Self-ping successful. Keeping the instance awake.\u001b[39m","timestamp":"2026-05-28 08:43:42:4342"}
{"level":"\u001b[32minfo\u001b[39m","message":"\u001b[32m💓 Self-ping successful. Keeping the instance awake.\u001b[39m","timestamp":"2026-05-28 08:57:42:5742"}
{"level":"\u001b[32minfo\u001b[39m","message":"\u001b[32m💓 Self-ping successful. Keeping the instance awake.\u001b[39m","timestamp":"2026-05-28 09:11:42:1142"}
{"level":"\u001b[32minfo\u001b[39m","message":"\u001b[32mReceived SIGINT. Starting graceful shutdown...\u001b[39m","timestamp":"2026-05-28 09:20:43:2043"}
{"level":"\u001b[32minfo\u001b[39m","message":"\u001b[32m✅ Auth Service routes mounted on /auth\u001b[39m","timestamp":"2026-05-28 09:21:20:2120"}
{"level":"\u001b[32minfo\u001b[39m","message":"\u001b[32m✅ Payment Service routes mounted on /payments\u001b[39m","timestamp":"2026-05-28 09:21:20:2120"}
{"level":"\u001b[32minfo\u001b[39m","message":"\u001b[32m✅ Combined NewCondo Backend initialized successfully\u001b[39m","timestamp":"2026-05-28 09:21:20:2120"}
{"level":"\u001b[32minfo\u001b[39m","message":"\u001b[32m🚀 Combined NewCondo Backend running on port 5000\u001b[39m","timestamp":"2026-05-28 09:21:20:2120"}
{"level":"\u001b[32minfo\u001b[39m","message":"\u001b[32m📡 Health check available at: http://localhost:5000/health\u001b[39m","timestamp":"2026-05-28 09:21:20:2120"}
{"level":"\u001b[32minfo\u001b[39m","message":"\u001b[32m🔗 API Documentation: http://localhost:5000/api/docs\u001b[39m","timestamp":"2026-05-28 09:21:20:2120"}
{"level":"\u001b[32minfo\u001b[39m","message":"\u001b[32m🌍 Environment: development\u001b[39m","timestamp":"2026-05-28 09:21:20:2120"}
{"level":"\u001b[32minfo\u001b[39m","message":"\u001b[32m⏰ Self-pinger initialized. Will ping https://newcondo-combined-backend.onrender.com/health every 14 minutes.\u001b[39m","timestamp":"2026-05-28 09:21:20:2120"}
{"level":"\u001b[32minfo\u001b[39m","message":"\u001b[32m💓 Self-ping successful. Keeping the instance awake.\u001b[39m","timestamp":"2026-05-28 09:35:22:3522"}
{"level":"\u001b[32minfo\u001b[39m","message":"\u001b[32mReceived SIGINT. Starting graceful shutdown...\u001b[39m","timestamp":"2026-05-28 09:40:41:4041"}
{"level":"\u001b[32minfo\u001b[39m","message":"\u001b[32m✅ Auth Service routes mounted on /auth\u001b[39m","timestamp":"2026-05-28 09:41:15:4115"}
{"level":"\u001b[32minfo\u001b[39m","message":"\u001b[32m✅ Payment Service routes mounted on /payments\u001b[39m","timestamp":"2026-05-28 09:41:15:4115"}
{"level":"\u001b[32minfo\u001b[39m","message":"\u001b[32m✅ Combined NewCondo Backend initialized successfully\u001b[39m","timestamp":"2026-05-28 09:41:15:4115"}
{"level":"\u001b[32minfo\u001b[39m","message":"\u001b[32m🚀 Combined NewCondo Backend running on port 5000\u001b[39m","timestamp":"2026-05-28 09:41:15:4115"}
{"level":"\u001b[32minfo\u001b[39m","message":"\u001b[32m📡 Health check available at: http://localhost:5000/health\u001b[39m","timestamp":"2026-05-28 09:41:15:4115"}
{"level":"\u001b[32minfo\u001b[39m","message":"\u001b[32m🔗 API Documentation: http://localhost:5000/api/docs\u001b[39m","timestamp":"2026-05-28 09:41:15:4115"}
{"level":"\u001b[32minfo\u001b[39m","message":"\u001b[32m🌍 Environment: development\u001b[39m","timestamp":"2026-05-28 09:41:15:4115"}
{"level":"\u001b[32minfo\u001b[39m","message":"\u001b[32m⏰ Self-pinger initialized. Will ping https://newcondo-combined-backend.onrender.com/health every 14 minutes.\u001b[39m","timestamp":"2026-05-28 09:41:15:4115"}
{"level":"\u001b[31merror\u001b[39m","message":"\u001b[31m❌ Error during self-ping:\u001b[39m","timestamp":"2026-05-28 11:00:46:046"}
{"level":"\u001b[32minfo\u001b[39m","message":"\u001b[32m💓 Self-ping successful. Keeping the instance awake.\u001b[39m","timestamp":"2026-05-28 11:14:47:1447"}
{"level":"\u001b[32minfo\u001b[39m","message":"\u001b[32m💓 Self-ping successful. Keeping the instance awake.\u001b[39m","timestamp":"2026-05-28 11:28:48:2848"}
{"level":"\u001b[32minfo\u001b[39m","message":"\u001b[32m💓 Self-ping successful. Keeping the instance awake.\u001b[39m","timestamp":"2026-05-28 11:42:47:4247"}
{"level":"\u001b[32minfo\u001b[39m","message":"\u001b[32m💓 Self-ping successful. Keeping the instance awake.\u001b[39m","timestamp":"2026-05-28 11:56:48:5648"}
{"level":"\u001b[32minfo\u001b[39m","message":"\u001b[32m💓 Self-ping successful. Keeping the instance awake.\u001b[39m","timestamp":"2026-05-28 12:10:48:1048"}
{"level":"\u001b[32minfo\u001b[39m","message":"\u001b[32m💓 Self-ping successful. Keeping the instance awake.\u001b[39m","timestamp":"2026-05-28 12:24:48:2448"}
{"level":"\u001b[32minfo\u001b[39m","message":"\u001b[32m💓 Self-ping successful. Keeping the instance awake.\u001b[39m","timestamp":"2026-05-28 12:38:48:3848"}
{"level":"\u001b[32minfo\u001b[39m","message":"\u001b[32m💓 Self-ping successful. Keeping the instance awake.\u001b[39m","timestamp":"2026-05-28 12:52:48:5248"}
{"level":"\u001b[32minfo\u001b[39m","message":"\u001b[32m💓 Self-ping successful. Keeping the instance awake.\u001b[39m","timestamp":"2026-05-28 13:06:47:647"}
{"level":"\u001b[31merror\u001b[39m","message":"\u001b[31m❌ Error during self-ping:\u001b[39m","timestamp":"2026-05-28 13:21:08:218"}
{"level":"\u001b[32minfo\u001b[39m","message":"\u001b[32mReceived SIGINT. Starting graceful shutdown...\u001b[39m","timestamp":"2026-05-28 13:28:04:284"}
{"level":"\u001b[32minfo\u001b[39m","message":"\u001b[32m✅ Auth Service routes mounted on /auth\u001b[39m","timestamp":"2026-05-28 13:35:08:358"}
{"level":"\u001b[32minfo\u001b[39m","message":"\u001b[32m✅ Payment Service routes mounted on /payments\u001b[39m","timestamp":"2026-05-28 13:35:08:358"}
{"level":"\u001b[32minfo\u001b[39m","message":"\u001b[32m✅ Combined NewCondo Backend initialized successfully\u001b[39m","timestamp":"2026-05-28 13:35:08:358"}
{"level":"\u001b[32minfo\u001b[39m","message":"\u001b[32m🚀 Combined NewCondo Backend running on port 5000\u001b[39m","timestamp":"2026-05-28 13:35:08:358"}
{"level":"\u001b[32minfo\u001b[39m","message":"\u001b[32m📡 Health check available at: http://localhost:5000/health\u001b[39m","timestamp":"2026-05-28 13:35:08:358"}
{"level":"\u001b[32minfo\u001b[39m","message":"\u001b[32m🔗 API Documentation: http://localhost:5000/api/docs\u001b[39m","timestamp":"2026-05-28 13:35:08:358"}
{"level":"\u001b[32minfo\u001b[39m","message":"\u001b[32m🌍 Environment: development\u001b[39m","timestamp":"2026-05-28 13:35:08:358"}
{"level":"\u001b[32minfo\u001b[39m","message":"\u001b[32m⏰ Self-pinger initialized. Will ping https://newcondo-combined-backend.onrender.com/health every 14 minutes.\u001b[39m","timestamp":"2026-05-28 13:35:08:358"}
{"level":"\u001b[32minfo\u001b[39m","message":"\u001b[32m💓 Self-ping successful. Keeping the instance awake.\u001b[39m","timestamp":"2026-05-28 13:49:09:499"}
{"level":"\u001b[32minfo\u001b[39m","message":"\u001b[32m💓 Self-ping successful. Keeping the instance awake.\u001b[39m","timestamp":"2026-05-28 14:03:09:39"}
{"level":"\u001b[32minfo\u001b[39m","message":"\u001b[32m💓 Self-ping successful. Keeping the instance awake.\u001b[39m","timestamp":"2026-05-28 14:17:09:179"}
{"level":"\u001b[31merror\u001b[39m","message":"\u001b[31m❌ Error during self-ping:\u001b[39m","timestamp":"2026-05-28 14:29:11:2911"}
{"level":"\u001b[32minfo\u001b[39m","message":"\u001b[32m💓 Self-ping successful. Keeping the instance awake.\u001b[39m","timestamp":"2026-05-28 14:31:21:3121"}
{"level":"\u001b[32minfo\u001b[39m","message":"\u001b[32mReceived SIGINT. Starting graceful shutdown...\u001b[39m","timestamp":"2026-05-28 14:34:30:3430"}
{"level":"\u001b[32minfo\u001b[39m","message":"\u001b[32m✅ Auth Service routes mounted on /auth\u001b[39m","timestamp":"2026-05-28 14:34:58:3458"}
{"level":"\u001b[32minfo\u001b[39m","message":"\u001b[32m✅ Payment Service routes mounted on /payments\u001b[39m","timestamp":"2026-05-28 14:34:58:3458"}
{"level":"\u001b[32minfo\u001b[39m","message":"\u001b[32m✅ Combined NewCondo Backend initialized successfully\u001b[39m","timestamp":"2026-05-28 14:34:58:3458"}
{"level":"\u001b[32minfo\u001b[39m","message":"\u001b[32m🚀 Combined NewCondo Backend running on port 5000\u001b[39m","timestamp":"2026-05-28 14:34:58:3458"}
{"level":"\u001b[32minfo\u001b[39m","message":"\u001b[32m📡 Health check available at: http://localhost:5000/health\u001b[39m","timestamp":"2026-05-28 14:34:58:3458"}
{"level":"\u001b[32minfo\u001b[39m","message":"\u001b[32m🔗 API Documentation: http://localhost:5000/api/docs\u001b[39m","timestamp":"2026-05-28 14:34:58:3458"}
{"level":"\u001b[32minfo\u001b[39m","message":"\u001b[32m🌍 Environment: development\u001b[39m","timestamp":"2026-05-28 14:34:58:3458"}
{"level":"\u001b[32minfo\u001b[39m","message":"\u001b[32m⏰ Self-pinger initialized. Will ping https://newcondo-combined-backend.onrender.com/health every 14 minutes.\u001b[39m","timestamp":"2026-05-28 14:34:58:3458"}
{"level":"\u001b[32minfo\u001b[39m","message":"\u001b[32mReceived SIGINT. Starting graceful shutdown...\u001b[39m","timestamp":"2026-05-28 14:42:27:4227"}
{"level":"\u001b[32minfo\u001b[39m","message":"\u001b[32m✅ Auth Service routes mounted on /auth\u001b[39m","timestamp":"2026-05-28 14:48:12:4812"}
{"level":"\u001b[32minfo\u001b[39m","message":"\u001b[32m✅ Payment Service routes mounted on /payments\u001b[39m","timestamp":"2026-05-28 14:48:12:4812"}
{"level":"\u001b[32minfo\u001b[39m","message":"\u001b[32m✅ Combined NewCondo Backend initialized successfully\u001b[39m","timestamp":"2026-05-28 14:48:12:4812"}
{"level":"\u001b[32minfo\u001b[39m","message":"\u001b[32m🚀 Combined NewCondo Backend running on port 5000\u001b[39m","timestamp":"2026-05-28 14:48:12:4812"}
{"level":"\u001b[32minfo\u001b[39m","message":"\u001b[32m📡 Health check available at: http://localhost:5000/health\u001b[39m","timestamp":"2026-05-28 14:48:12:4812"}
{"level":"\u001b[32minfo\u001b[39m","message":"\u001b[32m🔗 API Documentation: http://localhost:5000/api/docs\u001b[39m","timestamp":"2026-05-28 14:48:12:4812"}
{"level":"\u001b[32minfo\u001b[39m","message":"\u001b[32m🌍 Environment: development\u001b[39m","timestamp":"2026-05-28 14:48:12:4812"}
{"level":"\u001b[32minfo\u001b[39m","message":"\u001b[32m⏰ Self-pinger initialized. Will ping https://newcondo-combined-backend.onrender.com/health every 14 minutes.\u001b[39m","timestamp":"2026-05-28 14:48:12:4812"}
{"level":"\u001b[32minfo\u001b[39m","message":"\u001b[32m💓 Self-ping successful. Keeping the instance awake.\u001b[39m","timestamp":"2026-05-28 15:02:44:244"}
{"level":"\u001b[32minfo\u001b[39m","message":"\u001b[32mReceived SIGINT. Starting graceful shutdown...\u001b[39m","timestamp":"2026-05-28 15:04:50:450"}
{"level":"\u001b[32minfo\u001b[39m","message":"\u001b[32m✅ Auth Service routes mounted on /auth\u001b[39m","timestamp":"2026-05-28 15:05:37:537"}
{"level":"\u001b[32minfo\u001b[39m","message":"\u001b[32m✅ Payment Service routes mounted on /payments\u001b[39m","timestamp":"2026-05-28 15:05:37:537"}
{"level":"\u001b[32minfo\u001b[39m","message":"\u001b[32m✅ Combined NewCondo Backend initialized successfully\u001b[39m","timestamp":"2026-05-28 15:05:38:538"}
{"level":"\u001b[32minfo\u001b[39m","message":"\u001b[32m🚀 Combined NewCondo Backend running on port 5000\u001b[39m","timestamp":"2026-05-28 15:05:38:538"}
{"level":"\u001b[32minfo\u001b[39m","message":"\u001b[32m📡 Health check available at: http://localhost:5000/health\u001b[39m","timestamp":"2026-05-28 15:05:38:538"}
{"level":"\u001b[32minfo\u001b[39m","message":"\u001b[32m🔗 API Documentation: http://localhost:5000/api/docs\u001b[39m","timestamp":"2026-05-28 15:05:38:538"}
{"level":"\u001b[32minfo\u001b[39m","message":"\u001b[32m🌍 Environment: development\u001b[39m","timestamp":"2026-05-28 15:05:38:538"}
{"level":"\u001b[32minfo\u001b[39m","message":"\u001b[32m⏰ Self-pinger initialized. Will ping https://newcondo-combined-backend.onrender.com/health every 14 minutes.\u001b[39m","timestamp":"2026-05-28 15:05:38:538"}
{"level":"\u001b[32minfo\u001b[39m","message":"\u001b[32m💓 Self-ping successful. Keeping the instance awake.\u001b[39m","timestamp":"2026-05-28 15:19:39:1939"}
{"level":"\u001b[32minfo\u001b[39m","message":"\u001b[32m💓 Self-ping successful. Keeping the instance awake.\u001b[39m","timestamp":"2026-05-28 15:33:39:3339"}
{"level":"\u001b[32minfo\u001b[39m","message":"\u001b[32m💓 Self-ping successful. Keeping the instance awake.\u001b[39m","timestamp":"2026-05-28 15:47:39:4739"}
{"level":"\u001b[32minfo\u001b[39m","message":"\u001b[32m💓 Self-ping successful. Keeping the instance awake.\u001b[39m","timestamp":"2026-05-28 16:01:39:139"}
{"level":"\u001b[32minfo\u001b[39m","message":"\u001b[32mReceived SIGINT. Starting graceful shutdown...\u001b[39m","timestamp":"2026-05-28 16:11:54:1154"}
{"level":"\u001b[32minfo\u001b[39m","message":"\u001b[32m✅ Auth Service routes mounted on /auth\u001b[39m","timestamp":"2026-05-28 16:13:21:1321"}
{"level":"\u001b[32minfo\u001b[39m","message":"\u001b[32m✅ Payment Service routes mounted on /payments\u001b[39m","timestamp":"2026-05-28 16:13:21:1321"}
{"level":"\u001b[32minfo\u001b[39m","message":"\u001b[32m✅ Combined NewCondo Backend initialized successfully\u001b[39m","timestamp":"2026-05-28 16:13:21:1321"}
{"level":"\u001b[32minfo\u001b[39m","message":"\u001b[32m🚀 Combined NewCondo Backend running on port 5000\u001b[39m","timestamp":"2026-05-28 16:13:21:1321"}
{"level":"\u001b[32minfo\u001b[39m","message":"\u001b[32m📡 Health check available at: http://localhost:5000/health\u001b[39m","timestamp":"2026-05-28 16:13:21:1321"}
{"level":"\u001b[32minfo\u001b[39m","message":"\u001b[32m🔗 API Documentation: http://localhost:5000/api/docs\u001b[39m","timestamp":"2026-05-28 16:13:21:1321"}
{"level":"\u001b[32minfo\u001b[39m","message":"\u001b[32m🌍 Environment: development\u001b[39m","timestamp":"2026-05-28 16:13:21:1321"}
{"level":"\u001b[32minfo\u001b[39m","message":"\u001b[32m⏰ Self-pinger initialized. Will ping https://newcondo-combined-backend.onrender.com/health every 14 minutes.\u001b[39m","timestamp":"2026-05-28 16:13:21:1321"}
{"level":"\u001b[32minfo\u001b[39m","message":"\u001b[32m💓 Self-ping successful. Keeping the instance awake.\u001b[39m","timestamp":"2026-05-28 16:27:22:2722"}
{"level":"\u001b[32minfo\u001b[39m","message":"\u001b[32m💓 Self-ping successful. Keeping the instance awake.\u001b[39m","timestamp":"2026-05-28 16:41:22:4122"}
{"level":"\u001b[32minfo\u001b[39m","message":"\u001b[32m💓 Self-ping successful. Keeping the instance awake.\u001b[39m","timestamp":"2026-05-28 16:55:22:5522"}
{"level":"\u001b[32minfo\u001b[39m","message":"\u001b[32m💓 Self-ping successful. Keeping the instance awake.\u001b[39m","timestamp":"2026-05-28 17:09:22:922"}
{"level":"\u001b[32minfo\u001b[39m","message":"\u001b[32m💓 Self-ping successful. Keeping the instance awake.\u001b[39m","timestamp":"2026-05-28 17:23:22:2322"}
{"level":"\u001b[31merror\u001b[39m","message":"\u001b[31m❌ Error during self-ping:\u001b[39m","timestamp":"2026-05-28 17:27:20:2720"}
{"level":"\u001b[32minfo\u001b[39m","message":"\u001b[32m💓 Self-ping successful. Keeping the instance awake.\u001b[39m","timestamp":"2026-05-28 17:37:22:3722"}
{"level":"\u001b[32minfo\u001b[39m","message":"\u001b[32m💓 Self-ping successful. Keeping the instance awake.\u001b[39m","timestamp":"2026-05-28 17:51:22:5122"}
{"level":"\u001b[31merror\u001b[39m","message":"\u001b[31m❌ Error during self-ping:\u001b[39m","timestamp":"2026-05-28 18:05:21:521"}
{"level":"\u001b[32minfo\u001b[39m","message":"\u001b[32m💓 Self-ping successful. Keeping the instance awake.\u001b[39m","timestamp":"2026-05-28 18:19:22:1922"}
{"level":"\u001b[32minfo\u001b[39m","message":"\u001b[32m💓 Self-ping successful. Keeping the instance awake.\u001b[39m","timestamp":"2026-05-28 18:33:22:3322"}
{"level":"\u001b[32minfo\u001b[39m","message":"\u001b[32m💓 Self-ping successful. Keeping the instance awake.\u001b[39m","timestamp":"2026-05-28 18:47:22:4722"}
{"level":"\u001b[32minfo\u001b[39m","message":"\u001b[32m💓 Self-ping successful. Keeping the instance awake.\u001b[39m","timestamp":"2026-05-28 19:01:22:122"}
{"level":"\u001b[31merror\u001b[39m","message":"\u001b[31m❌ Error during self-ping:\u001b[39m","timestamp":"2026-05-28 19:15:21:1521"}
{"level":"\u001b[31merror\u001b[39m","message":"\u001b[31m❌ Error during self-ping:\u001b[39m","timestamp":"2026-05-28 19:29:40:2940"}
{"level":"\u001b[31merror\u001b[39m","message":"\u001b[31m❌ Error during self-ping:\u001b[39m","timestamp":"2026-05-28 19:43:40:4340"}
{"level":"\u001b[31merror\u001b[39m","message":"\u001b[31m❌ Error during self-ping:\u001b[39m","timestamp":"2026-05-28 19:57:40:5740"}
{"level":"\u001b[31merror\u001b[39m","message":"\u001b[31m❌ Error during self-ping:\u001b[39m","timestamp":"2026-05-28 20:11:40:1140"}
{"level":"\u001b[32minfo\u001b[39m","message":"\u001b[32m💓 Self-ping successful. Keeping the instance awake.\u001b[39m","timestamp":"2026-05-28 20:25:41:2541"}
{"level":"\u001b[32minfo\u001b[39m","message":"\u001b[32m💓 Self-ping successful. Keeping the instance awake.\u001b[39m","timestamp":"2026-05-28 20:39:41:3941"}
{"level":"\u001b[32minfo\u001b[39m","message":"\u001b[32m💓 Self-ping successful. Keeping the instance awake.\u001b[39m","timestamp":"2026-05-28 20:53:41:5341"}
{"level":"\u001b[32minfo\u001b[39m","message":"\u001b[32m💓 Self-ping successful. Keeping the instance awake.\u001b[39m","timestamp":"2026-05-28 21:07:41:741"}
{"level":"\u001b[32minfo\u001b[39m","message":"\u001b[32m💓 Self-ping successful. Keeping the instance awake.\u001b[39m","timestamp":"2026-05-28 21:21:41:2141"}
{"level":"\u001b[32minfo\u001b[39m","message":"\u001b[32m💓 Self-ping successful. Keeping the instance awake.\u001b[39m","timestamp":"2026-05-28 21:35:41:3541"}
{"level":"\u001b[32minfo\u001b[39m","message":"\u001b[32m💓 Self-ping successful. Keeping the instance awake.\u001b[39m","timestamp":"2026-05-28 21:49:41:4941"}
{"level":"\u001b[32minfo\u001b[39m","message":"\u001b[32m💓 Self-ping successful. Keeping the instance awake.\u001b[39m","timestamp":"2026-05-28 22:03:41:341"}
{"level":"\u001b[32minfo\u001b[39m","message":"\u001b[32m💓 Self-ping successful. Keeping the instance awake.\u001b[39m","timestamp":"2026-05-28 22:17:41:1741"}
{"level":"\u001b[31merror\u001b[39m","message":"\u001b[31m❌ Error during self-ping:\u001b[39m","timestamp":"2026-05-28 22:37:41:3741"}
{"level":"\u001b[31merror\u001b[39m","message":"\u001b[31m❌ Error during self-ping:\u001b[39m","timestamp":"2026-05-29 10:54:20:5420"}
{"level":"\u001b[32minfo\u001b[39m","message":"\u001b[32m💓 Self-ping successful. Keeping the instance awake.\u001b[39m","timestamp":"2026-05-29 11:08:25:825"}
{"level":"\u001b[32minfo\u001b[39m","message":"\u001b[32m💓 Self-ping successful. Keeping the instance awake.\u001b[39m","timestamp":"2026-05-29 11:22:24:2224"}
{"level":"\u001b[32minfo\u001b[39m","message":"\u001b[32m💓 Self-ping successful. Keeping the instance awake.\u001b[39m","timestamp":"2026-05-29 11:36:24:3624"}
{"level":"\u001b[32minfo\u001b[39m","message":"\u001b[32m💓 Self-ping successful. Keeping the instance awake.\u001b[39m","timestamp":"2026-05-29 11:50:24:5024"}
{"level":"\u001b[32minfo\u001b[39m","message":"\u001b[32m💓 Self-ping successful. Keeping the instance awake.\u001b[39m","timestamp":"2026-05-29 12:04:24:424"}
{"level":"\u001b[32minfo\u001b[39m","message":"\u001b[32m💓 Self-ping successful. Keeping the instance awake.\u001b[39m","timestamp":"2026-05-29 12:18:24:1824"}
{"level":"\u001b[31merror\u001b[39m","message":"\u001b[31m❌ Error during self-ping:\u001b[39m","timestamp":"2026-05-29 12:32:23:3223"}
{"level":"\u001b[32minfo\u001b[39m","message":"\u001b[32m💓 Self-ping successful. Keeping the instance awake.\u001b[39m","timestamp":"2026-05-29 12:46:26:4626"}
{"level":"\u001b[32minfo\u001b[39m","message":"\u001b[32m💓 Self-ping successful. Keeping the instance awake.\u001b[39m","timestamp":"2026-05-29 13:00:26:026"}
{"level":"\u001b[32minfo\u001b[39m","message":"\u001b[32m💓 Self-ping successful. Keeping the instance awake.\u001b[39m","timestamp":"2026-05-29 13:14:25:1425"}
{"level":"\u001b[32minfo\u001b[39m","message":"\u001b[32m💓 Self-ping successful. Keeping the instance awake.\u001b[39m","timestamp":"2026-05-29 13:28:38:2838"}
{"level":"\u001b[32minfo\u001b[39m","message":"\u001b[32mReceived SIGINT. Starting graceful shutdown...\u001b[39m","timestamp":"2026-05-29 13:32:11:3211"}
{"level":"\u001b[32minfo\u001b[39m","message":"\u001b[32m✅ Auth Service routes mounted on /auth\u001b[39m","timestamp":"2026-05-31 19:54:05:545"}
{"level":"\u001b[32minfo\u001b[39m","message":"\u001b[32m✅ Payment Service routes mounted on /payments\u001b[39m","timestamp":"2026-05-31 19:54:05:545"}
{"level":"\u001b[32minfo\u001b[39m","message":"\u001b[32m✅ Combined NewCondo Backend initialized successfully\u001b[39m","timestamp":"2026-05-31 19:54:05:545"}
{"level":"\u001b[32minfo\u001b[39m","message":"\u001b[32m🚀 Combined NewCondo Backend running on port 5000\u001b[39m","timestamp":"2026-05-31 19:54:05:545"}
{"level":"\u001b[32minfo\u001b[39m","message":"\u001b[32m📡 Health check available at: http://localhost:5000/health\u001b[39m","timestamp":"2026-05-31 19:54:05:545"}
{"level":"\u001b[32minfo\u001b[39m","message":"\u001b[32m🔗 API Documentation: http://localhost:5000/api/docs\u001b[39m","timestamp":"2026-05-31 19:54:05:545"}
{"level":"\u001b[32minfo\u001b[39m","message":"\u001b[32m🌍 Environment: development\u001b[39m","timestamp":"2026-05-31 19:54:05:545"}
{"level":"\u001b[32minfo\u001b[39m","message":"\u001b[32m⏰ Self-pinger initialized. Will ping https://newcondo-combined-backend.onrender.com/health every 14 minutes.\u001b[39m","timestamp":"2026-05-31 19:54:05:545"}
{"level":"\u001b[32minfo\u001b[39m","message":"\u001b[32m💓 Self-ping successful. Keeping the instance awake.\u001b[39m","timestamp":"2026-05-31 20:08:06:86"}
{"level":"\u001b[32minfo\u001b[39m","message":"\u001b[32m💓 Self-ping successful. Keeping the instance awake.\u001b[39m","timestamp":"2026-05-31 20:22:06:226"}
{"level":"\u001b[32minfo\u001b[39m","message":"\u001b[32m💓 Self-ping successful. Keeping the instance awake.\u001b[39m","timestamp":"2026-05-31 20:36:06:366"}
{"level":"\u001b[32minfo\u001b[39m","message":"\u001b[32m💓 Self-ping successful. Keeping the instance awake.\u001b[39m","timestamp":"2026-05-31 20:50:06:506"}
{"level":"\u001b[32minfo\u001b[39m","message":"\u001b[32mReceived SIGINT. Starting graceful shutdown...\u001b[39m","timestamp":"2026-05-31 20:58:01:581"}
{"level":"\u001b[32minfo\u001b[39m","message":"\u001b[32m✅ Auth Service routes mounted on /auth\u001b[39m","timestamp":"2026-06-02 13:09:30:930"}
{"level":"\u001b[32minfo\u001b[39m","message":"\u001b[32m✅ Payment Service routes mounted on /payments\u001b[39m","timestamp":"2026-06-02 13:09:30:930"}
{"level":"\u001b[32minfo\u001b[39m","message":"\u001b[32m✅ Combined NewCondo Backend initialized successfully\u001b[39m","timestamp":"2026-06-02 13:09:30:930"}
{"level":"\u001b[32minfo\u001b[39m","message":"\u001b[32m🚀 Combined NewCondo Backend running on port 5000\u001b[39m","timestamp":"2026-06-02 13:09:30:930"}
{"level":"\u001b[32minfo\u001b[39m","message":"\u001b[32m📡 Health check available at: http://localhost:5000/health\u001b[39m","timestamp":"2026-06-02 13:09:30:930"}
{"level":"\u001b[32minfo\u001b[39m","message":"\u001b[32m🔗 API Documentation: http://localhost:5000/api/docs\u001b[39m","timestamp":"2026-06-02 13:09:30:930"}
{"level":"\u001b[32minfo\u001b[39m","message":"\u001b[32m🌍 Environment: development\u001b[39m","timestamp":"2026-06-02 13:09:30:930"}
{"level":"\u001b[32minfo\u001b[39m","message":"\u001b[32m⏰ Self-pinger initialized. Will ping https://newcondo-combined-backend.onrender.com/health every 14 minutes.\u001b[39m","timestamp":"2026-06-02 13:09:30:930"}
{"level":"\u001b[32minfo\u001b[39m","message":"\u001b[32m💓 Self-ping successful. Keeping the instance awake.\u001b[39m","timestamp":"2026-06-02 13:23:31:2331"}
{"level":"\u001b[32minfo\u001b[39m","message":"\u001b[32m💓 Self-ping successful. Keeping the instance awake.\u001b[39m","timestamp":"2026-06-02 13:37:31:3731"}
{"level":"\u001b[32minfo\u001b[39m","message":"\u001b[32m💓 Self-ping successful. Keeping the instance awake.\u001b[39m","timestamp":"2026-06-02 13:51:31:5131"}
{"level":"\u001b[32minfo\u001b[39m","message":"\u001b[32m💓 Self-ping successful. Keeping the instance awake.\u001b[39m","timestamp":"2026-06-02 14:05:31:531"}
{"level":"\u001b[32minfo\u001b[39m","message":"\u001b[32m💓 Self-ping successful. Keeping the instance awake.\u001b[39m","timestamp":"2026-06-02 14:19:31:1931"}
{"level":"\u001b[32minfo\u001b[39m","message":"\u001b[32m💓 Self-ping successful. Keeping the instance awake.\u001b[39m","timestamp":"2026-06-02 15:08:36:836"}
{"level":"\u001b[31merror\u001b[39m","message":"\u001b[31m❌ Error during self-ping:\u001b[39m","timestamp":"2026-06-02 15:18:46:1846"}
{"level":"\u001b[32minfo\u001b[39m","message":"\u001b[32m💓 Self-ping successful. Keeping the instance awake.\u001b[39m","timestamp":"2026-06-02 15:22:26:2226"}
{"level":"\u001b[32minfo\u001b[39m","message":"\u001b[32m💓 Self-ping successful. Keeping the instance awake.\u001b[39m","timestamp":"2026-06-02 15:36:25:3625"}
{"level":"\u001b[32minfo\u001b[39m","message":"\u001b[32m💓 Self-ping successful. Keeping the instance awake.\u001b[39m","timestamp":"2026-06-02 15:50:25:5025"}
{"level":"\u001b[32minfo\u001b[39m","message":"\u001b[32m💓 Self-ping successful. Keeping the instance awake.\u001b[39m","timestamp":"2026-06-02 16:04:26:426"}
{"level":"\u001b[32minfo\u001b[39m","message":"\u001b[32m💓 Self-ping successful. Keeping the instance awake.\u001b[39m","timestamp":"2026-06-02 16:18:25:1825"}
{"level":"\u001b[32minfo\u001b[39m","message":"\u001b[32m💓 Self-ping successful. Keeping the instance awake.\u001b[39m","timestamp":"2026-06-02 16:32:25:3225"}
{"level":"\u001b[32minfo\u001b[39m","message":"\u001b[32m💓 Self-ping successful. Keeping the instance awake.\u001b[39m","timestamp":"2026-06-02 16:46:25:4625"}
{"level":"\u001b[32minfo\u001b[39m","message":"\u001b[32m💓 Self-ping successful. Keeping the instance awake.\u001b[39m","timestamp":"2026-06-02 17:00:26:026"}
{"level":"\u001b[32minfo\u001b[39m","message":"\u001b[32m💓 Self-ping successful. Keeping the instance awake.\u001b[39m","timestamp":"2026-06-02 17:14:26:1426"}
{"level":"\u001b[31merror\u001b[39m","message":"\u001b[31m❌ Error during self-ping:\u001b[39m","timestamp":"2026-06-02 17:35:13:3513"}
{"level":"\u001b[32minfo\u001b[39m","message":"\u001b[32m💓 Self-ping successful. Keeping the instance awake.\u001b[39m","timestamp":"2026-06-02 18:11:02:112"}
{"level":"\u001b[32minfo\u001b[39m","message":"\u001b[32m💓 Self-ping successful. Keeping the instance awake.\u001b[39m","timestamp":"2026-06-02 18:25:02:252"}
{"level":"\u001b[32minfo\u001b[39m","message":"\u001b[32m💓 Self-ping successful. Keeping the instance awake.\u001b[39m","timestamp":"2026-06-02 18:39:02:392"}
{"level":"\u001b[32minfo\u001b[39m","message":"\u001b[32m💓 Self-ping successful. Keeping the instance awake.\u001b[39m","timestamp":"2026-06-02 18:53:02:532"}
{"level":"\u001b[32minfo\u001b[39m","message":"\u001b[32mReceived SIGINT. Starting graceful shutdown...\u001b[39m","timestamp":"2026-06-02 19:03:52:352"}
